hpo_code	phecodeX_code
HP_0001562	920.2
HP_0001374	783.1
HP_0001762	710.42
HP_0002023	765.8
HP_0010957	775.2
HP_0000072	581.32
HP_0005199	789
HP_0004392	789.3
HP_0010481	775.2
HP_0000767	786.1
HP_0000217	506.5
HP_0000766	786
HP_0001627	780
HP_0000768	786.2
HP_0001643	778.3
HP_0000028	771.11
HP_0000126	581.31
HP_0001650	413.21
HP_0001770	785.12
HP_0001596	684.1
HP_0001250	330
HP_0001252	807.2
HP_0030011	770.53
HP_0004383	780.52
HP_0001290	807.2
HP_0002084	751.3
HP_0001629	780.41
HP_0002539	750
HP_0001647	413.22
HP_0006970	870.4
HP_0002119	750
HP_0001302	750.13
HP_0007589	790
HP_0001642	778.52
HP_0004415	778.52
HP_0001249	892.6
HP_0000252	750.11
HP_0000175	757.1
HP_0002079	750.2
HP_0001362	758
HP_0001263	890
HP_0002092	406.11
HP_0007590	790
HP_0001636	780.44
HP_0000965	679
HP_0000822	401
HP_0000568	753.12
HP_0000565	381.3
HP_0001631	780.42
HP_0002126	750.13
HP_0000204	757.2
HP_0005733	715.4
HP_0008947	872.12
HP_0001355	750.3
HP_0008905	785
HP_0001377	713.4
HP_0002761	712.51
HP_0002781	486
HP_0001270	891.3
HP_0003093	713.4
HP_0100864	785
HP_0002938	714.2
HP_0002979	785.6
HP_0000238	344.1
HP_0008414	714.1
HP_0002512	346.5
HP_0002970	710.32
HP_0000403	391.1
HP_0000405	396.1
HP_0008921	890.3
HP_0007935	371.22
HP_0000365	396
HP_0002321	394.2
HP_0000360	397.1
HP_0001251	325.3
HP_0009590	148.5
HP_0009593	148.5
HP_0009592	109.3
HP_0009595	139.4
HP_0000957	674.21
HP_0009594	148.1
HP_0100019	371.1
HP_0002858	148.2
HP_0009830	337
HP_0009589	148.5
HP_0002315	331
HP_0002888	148.3
HP_0001331	750
HP_0001177	785.12
HP_0000486	381
HP_0000684	500.4
HP_0002021	516.1
HP_0004440	758.23
HP_0000316	758.5
HP_0004635	714.7
HP_0000453	758.61
HP_0000452	758.61
HP_0002032	762.1
HP_0010554	785.12
HP_0001061	682.4
HP_0000689	733.3
HP_0002623	778.4
HP_0004468	777.2
HP_0001274	750.2
HP_0100702	347.1
HP_0001162	785.12
HP_0000193	757.11
HP_0004397	765.6
HP_0007291	347.1
HP_0000389	391.12
HP_0000303	733.7
HP_0000148	770.5
HP_0002342	892.6
HP_0004322	890.3
HP_0004443	758.23
HP_0000557	753.9
HP_0002974	785
HP_0003002	105
HP_0000327	733.12
HP_0000324	758.1
HP_0000263	758
HP_0010104	785.1
HP_0008551	755.11
HP_0001822	709.21
HP_0002678	758
HP_0009968	785.12
HP_0000508	361.3
HP_0009951	785.11
HP_0001159	785.12
HP_0001357	758.22
HP_0002780	777.2
HP_0003070	712.4
HP_0000678	733.31
HP_0002676	758
HP_0005347	777.2
HP_0006101	785.12
HP_0001530	871.2
HP_0000122	773.11
HP_0011342	890
HP_0000995	138.2
HP_0003165	208
HP_0004490	727.4
HP_0002905	247.3
HP_0000648	380.3
HP_0005616	727
HP_0010743	785
HP_0000858	626.1
HP_0008873	890.3
HP_0008479	787
HP_0003528	200.5
HP_0000851	200.11
HP_0000135	215.1
HP_0002650	714.3
HP_0001518	850.1
HP_0000668	500
HP_0002925	200.9
HP_0001511	850.3
HP_0003416	715.4
HP_0200016	680
HP_0100792	663.6
HP_0000962	680
HP_0002893	149.4
HP_0000870	209.13
HP_0040278	149.4
HP_0011760	149.4
HP_0001712	425
HP_0100829	612.1
HP_0001638	414
HP_0000845	209.1
HP_0006767	149.4
HP_0001773	785
HP_0001072	676
HP_0001609	494
HP_0002857	710.31
HP_0001007	684.2
HP_0001842	726.6
HP_0002751	714.3
HP_0001388	712.51
HP_0001537	520.13
HP_0000047	771.21
HP_0001671	780.4
HP_0000023	520.11
HP_0000939	726.1
HP_0001508	890.1
HP_0000938	727
HP_0002953	T818
HP_0002756	726.2
HP_0006480	502.6
HP_0008462	712.63
HP_0000107	586.2
HP_0000664	684.2
HP_0000347	733.1
HP_0002566	765.4
HP_0005359	220
HP_0001890	161.21
HP_0002240	546.3
HP_0002718	089.1
HP_0001888	170.2
HP_0012191	122.2
HP_0001967	589
HP_0001744	174.2
HP_0002014	529.1
HP_0002850	179.5
HP_0001880	171.7
HP_0002099	475
HP_0004430	179.3
HP_0005365	170.2
HP_0002090	468
HP_0010976	170.2
HP_0000926	787
HP_0004429	089.2
HP_0000246	462
HP_0001973	169.1
HP_0008348	179.6
HP_0002841	089.3
HP_0002720	179.4
HP_0002540	325.24
HP_0001272	323
HP_0002066	325.2
HP_0000639	383.1
HP_0000718	308
HP_0000717	892.4
HP_0000752	893.1
HP_0001348	350.3
HP_0002179	719.1
HP_0003202	719.6
HP_0002059	328.3
HP_0000750	891.1
HP_0011344	890
HP_0000748	283
HP_0001257	719.1
HP_0001510	890
HP_0001336	324.5
HP_0001171	785.1
HP_0000958	680.3
HP_0000579	363.7
HP_0006357	502.6
HP_0000677	500
HP_0000992	672
HP_0004334	675
HP_0003187	612.3
HP_0001480	674.22
HP_0000691	500.2
HP_0002293	684.1
HP_0000968	790.2
HP_0000509	367.1
HP_0001839	785.1
HP_0000964	668
HP_0007455	790
HP_0000202	757
HP_0001100	753.5
HP_0008619	396.2
HP_0007894	374.71
HP_0007513	674.1
HP_0008527	396.2
HP_0002684	727.4
HP_0003472	247.51
HP_0100543	329.5
HP_0000518	371
HP_0006297	500.2
HP_0000852	208.1
HP_0002135	324.2
HP_0000821	200.1
HP_0006960	347
HP_0001513	236.1
HP_0000859	211.1
HP_0008221	211
HP_0000840	211.3
HP_0032152	680.2
HP_0000982	680.2
HP_0001820	683
HP_0000121	247.5
HP_0000099	580
HP_0003774	583.1
HP_0000123	580
HP_0000100	580.3
HP_0001134	371.2
HP_0000083	583
HP_0000790	593
HP_0001142	753.2
HP_0030034	589
HP_0000093	830
HP_0000407	396.2
HP_0000545	387.2
HP_0002148	247.3
HP_0004722	580.3
HP_0002069	330.11
HP_0200072	342
HP_0001266	324
HP_0001332	324.3
HP_0012194	341.2
HP_0001268	329
HP_0002445	342
HP_0001300	324.1
HP_0000726	328
HP_0002423	350
HP_0002511	328.1
HP_0000705	500.2
HP_0000679	500.2
HP_0006311	500.2
HP_0030843	249
HP_0001283	323.32
HP_0001271	337
HP_0012332	343
HP_0000973	679.8
HP_0001149	369.52
HP_0003216	249
HP_0001342	430
HP_0001297	431.1
HP_0002170	430
HP_0001396	552.2
HP_0000112	580.4
HP_0000969	812
HP_0000988	679.1
HP_0003477	337
HP_0000020	594.3
HP_0010550	342.1
HP_0001269	341.2
HP_0001324	807.2
HP_0002019	529.5
HP_0001265	350.3
HP_0001640	425
HP_0001260	356.1
HP_0011034	249
HP_0012185	336.1
HP_0004926	446.2
HP_0000505	388
HP_0000802	605.1
HP_0001337	324.4
HP_0002401	431
HP_0100725	668.5
HP_0040189	679.3
HP_0000989	679.4
HP_0001291	334
HP_0002015	512
HP_0002398	323.3
HP_0003394	719.11
HP_0002380	325.1
HP_0010535	333.1
HP_0007024	323.3
HP_0007354	323.31
HP_0001347	350.3
HP_0002366	323.3
HP_0003470	342
HP_0007308	324
HP_0002145	328.32
HP_0002186	894.2
HP_0002385	342.1
HP_0002273	342
HP_0000738	353.1
HP_0000716	296.2
HP_0000605	382.2
HP_0002529	328.3
HP_0000746	287.4
HP_0000741	308.4
HP_0010972	164
HP_0001972	164.2
HP_0000952	251
HP_0004810	162
HP_0001894	124.5
HP_0000089	773.12
HP_0010446	413.3
HP_0009944	785.11
HP_0000278	733.7
HP_0003003	101.41
HP_0002669	104.1
HP_0009777	785.1
HP_0008007	753.9
HP_0008447	787
HP_0002863	124.6
HP_0002984	785
HP_0000980	679.21
HP_0008475	787
HP_0001680	778.41
HP_0001635	424
HP_0000465	756.3
HP_0001873	169.1
HP_0001875	170.1
HP_0002960	181
HP_0005225	556.3
HP_0002013	528.2
HP_0011855	472.3
HP_0010783	667
HP_0012027	472.3
HP_0100665	812.2
HP_0040078	337
HP_0002027	527
HP_0001600	472
HP_0007759	369.1
HP_0000609	380.13
HP_0007750	753.8
HP_0000526	753.51
HP_0000501	375.1
HP_0001952	204.2
HP_0001592	500
HP_0000953	674.2
HP_0000498	360.4
HP_0000054	771.23
HP_0000970	685.5
HP_0002232	684.1
HP_0004691	785.12
HP_0031088	624.2
HP_0009755	754.1
HP_0008404	683.2
HP_0000564	754.2
HP_0000687	733.3
HP_0001798	793
HP_0007906	375.6
HP_0000482	753.6
HP_0000659	753
HP_0001115	371.22
HP_0007700	753
HP_0002025	530.4
HP_0000143	617
HP_0004467	756.2
HP_0010709	785.12
HP_0002020	511
HP_0010331	785
HP_0006097	785.12
HP_0000136	770.33
HP_0009921	381.6
HP_0000110	773.2
HP_0000076	581.34
HP_0004792	532.1
HP_0009779	785.12
HP_0000048	771
HP_0000400	755.2
HP_0000003	773.2
HP_0000567	753.4
HP_0002247	765.3
HP_0011663	414
HP_0004308	416.3
HP_0001645	420
HP_0003273	719.92
HP_0001848	784.13
HP_0009742	713.4
HP_0000211	719.1
HP_0003184	713.4
HP_0006380	719.92
HP_0001838	784.5
HP_0009473	719.92
HP_0002804	789.4
HP_0002987	719.92
HP_0000483	387.3
HP_0000563	369.62
HP_0000540	387.1
HP_0003199	719.6
HP_0000581	361.8
HP_0006251	713.4
HP_0000411	755.5
HP_0000512	385
HP_0007703	374.7
HP_0002091	496
HP_0000602	381.11
HP_0001119	753
HP_0005879	719.92
HP_0001776	710.42
HP_0000541	374.1
HP_0010891	714.4
HP_0000618	388.1
HP_0002758	708
HP_0002655	788.16
HP_0000176	757
HP_0003302	715.3
HP_0003040	713
HP_0002808	714.1
HP_0000201	756
HP_0001634	413.12
HP_0003401	351.3
HP_0000640	383.1
HP_0001751	394
HP_0000651	386.2
HP_0002486	339.2
HP_0002076	331.6
HP_0002131	325.3
HP_0001152	383.2
HP_0002073	325
HP_0010545	383.1
HP_0006855	328.3
HP_0008969	719
HP_0002354	329.1
HP_0002497	323.1
HP_0000496	383
HP_0001288	325.2
HP_0001761	710.43
HP_0000514	383.2
HP_0001258	323.11
HP_0002982	785.6
HP_0001602	472.5
HP_0002990	785
HP_0003042	712.6
HP_0002949	714.7
HP_0001217	813
HP_0002986	785.6
HP_0000520	365.3
HP_0003097	785
HP_0005792	785
HP_0006495	785
HP_0001561	920.1
HP_0004592	787
HP_0004976	712.6
HP_0002947	714.1
HP_0001706	414.7
HP_0025478	416
HP_0011705	416.41
HP_0200127	414
HP_0005155	416
HP_0006699	416.5
HP_0004757	416.211
HP_0001682	780.7
HP_0001684	780.42
HP_0005110	416.2
HP_0004935	778.51
HP_0012248	418.1
HP_0007950	373.2
HP_0002067	325.1
HP_0001151	383
HP_0003693	719.6
HP_0030454	385
HP_0002063	719.1
HP_0002839	596.5
HP_0007089	325.1
HP_0002078	325.3
HP_0003487	350.3
HP_0002495	351
HP_0002198	750
HP_0002172	350.4
HP_0002070	325.3
HP_0002071	324
HP_0012532	809.2
HP_0000623	381.11
HP_0000641	383.2
HP_0002503	323
HP_0003438	350.3
HP_0000544	381.11
HP_0001056	682
HP_0010609	676
HP_0010442	785.11
HP_0010603	505
HP_0002414	751.1
HP_0001144	365.4
HP_0009729	137.51
HP_0002671	103.21
HP_0005462	347
HP_0002948	714.7
HP_0009730	139.3
HP_0000612	753.4
HP_0000256	758
HP_0025318	106.3
HP_0010618	144.3
HP_0010617	137.51
HP_0004795	136.2
HP_0002885	109.3
HP_0001719	778.6
HP_0001718	413.13
HP_0011560	413.13
HP_0008209	214.1
HP_0000013	770.31
HP_0000141	626.11
HP_0008222	629
HP_0005472	758.23
HP_0002757	726.2
HP_0001334	344.11
HP_0001620	494
HP_0005686	788.4
HP_0003198	340
HP_0007819	371
HP_0005045	727
HP_0005010	701.1
HP_0003084	726.2
HP_0003690	807.2
HP_0100244	104.3
HP_0012315	138
HP_0000978	168.19
HP_0003701	807.2
HP_0003325	807.2
HP_0003974	785
HP_0010194	785
HP_0006165	785.1
HP_0005831	785.2
HP_0010185	785
HP_0002944	714.3
HP_0000696	500.4
HP_0001772	784.1
HP_0003067	785
HP_0008848	890.3
HP_0005863	785.2
HP_0001571	500.41
HP_0002176	348.4
HP_0008922	890.3
HP_0008606	756.2
HP_0001256	892.6
HP_0001057	790
HP_0000480	753.4
HP_0010566	790.41
HP_0003307	714.2
HP_0008897	871.2
HP_0002335	750.13
HP_0010517	220
HP_0000528	753.1
HP_0001611	356
HP_0010628	334.2
HP_0004785	765.4
HP_0004464	756.2
HP_0009794	756.1
HP_0000987	676
HP_0000268	758.21
HP_0000104	773.11
HP_0100274	363.5
HP_0000799	586
HP_0000113	773.32
HP_0000410	396.3
HP_0004712	773
HP_0000632	363
HP_0007925	754.2
HP_0011094	733.2
HP_0009795	756.1
HP_0009797	391.6
HP_0009796	756.1
HP_0009798	200.2
HP_0007678	363.7
HP_0000402	390.5
HP_0000613	386
HP_0007663	386
HP_0008066	663
HP_0007475	790.1
HP_0001019	667
HP_0000972	680
HP_0011711	416.42
HP_0002094	488.1
HP_0011712	416.43
HP_0005172	416.42
HP_0005170	416.4
HP_0001279	808
HP_0001699	420
HP_0001945	805
HP_0003038	785
HP_0002980	785.6
HP_0006390	785.6
HP_0008434	787
HP_0002098	479
HP_0012245	772
HP_0002827	783.1
HP_0002104	488.7
HP_0002786	777.2
HP_0006716	101.4
HP_0002891	106.21
HP_0005584	108.41
HP_0006740	108.5
HP_0006753	101.2
HP_0001054	138.1
HP_0010807	733.2
HP_0004482	758
HP_0001093	380.13
HP_0000914	787.5
HP_0001048	139.61
HP_0001187	712.51
HP_0000529	388
HP_0001276	719
HP_0002120	328.3
HP_0100703	893.6
HP_0100704	380.51
HP_0000657	382
HP_0008872	871
HP_0000975	685.8
HP_0001003	674
HP_0001047	668.1
HP_0007370	750.2
HP_0008064	790.1
HP_0001639	414.1
HP_0007333	750
HP_0002967	710.1
HP_0001663	416.31
HP_0001541	555
HP_0001695	420
HP_0005144	425
HP_0011713	416.42
HP_0100598	480
HP_0100749	800
HP_0001714	425
HP_0001698	411.2
HP_0002326	431.2
HP_0001678	416.41
HP_0004749	416.22
HP_0001644	414.2
HP_0031295	425
HP_0001723	414.8
HP_0002664	130
HP_0006824	334
HP_0002331	331
HP_0006737	114.6
HP_0006748	114.6
HP_0008629	397.11
HP_0002640	401.1
HP_0003001	114.5
HP_0100723	104.5
HP_0001649	417.2
HP_0030074	114.5
HP_0001962	417.1
HP_0000740	288.2
HP_0002668	114.5
HP_0003006	114.6
HP_0002864	114.5
HP_0012276	721.1
HP_0008326	232.26
HP_0100018	371.3
HP_0010693	371
HP_0000519	753.23
HP_0007787	371.22
HP_0007657	371.3
HP_0001139	373.31
HP_0007971	371
HP_0010920	371
HP_0007797	374.3
HP_0002514	347
HP_0000230	504.1
HP_0005224	530.2
HP_0005420	089.1
HP_0032435	856.4
HP_0000704	504.3
HP_0007499	002
HP_0200042	686
HP_0001974	171.9
HP_0002754	701.1
HP_0002047	976.1
HP_0001763	710.41
HP_0003324	807.2
HP_0001319	872.12
HP_0007979	383.1
HP_0000709	287
HP_0011970	249.1
HP_0002080	324.4
HP_0002136	325.2
HP_0001310	325.3
HP_0002470	325
HP_0002075	325.3
HP_0002389	750
HP_0002280	750
HP_0000098	209.11
HP_0002474	891.11
HP_0002370	325.3
HP_0000708	283
HP_0006288	500.4
HP_0001338	750.2
HP_0002667	108.41
HP_0000388	391.1
HP_0000086	773.8
HP_0000185	757
HP_0000085	773.7
HP_0001545	765.6
HP_0002132	347.1
HP_0002643	854.1
HP_0005988	324.34
HP_0005640	714.7
HP_0000466	324.34
HP_0001335	325.1
HP_0004602	714.7
HP_0003431	349.2
HP_0003376	325.2
HP_0001178	785.2
HP_0002460	807.2
HP_0012074	384.4
HP_0009027	807.2
HP_0002936	337
HP_0003449	719.1
HP_0001765	709.24
HP_0001284	350.3
HP_0011096	326
HP_0003378	337
HP_0003384	337
HP_0003481	326
HP_0001884	784.13
HP_0001133	386.43
HP_0030793	681
HP_0030802	361.5
HP_0009085	734
HP_0033176	177.2
HP_0200057	384
HP_0200056	373.1
HP_0001138	380.1
HP_0001492	753
HP_0000081	774
HP_0001328	891
HP_0008659	586.2
HP_0001920	436.1
HP_0001402	101.61
HP_0002155	239.2
HP_0003124	239.1
HP_0000097	580.3
HP_0001738	554.3
HP_0004969	778.52
HP_0000585	369.43
HP_0001399	542.3
HP_0001394	542.1
HP_0000580	374.71
HP_0001947	588.1
HP_0002910	823.1
HP_0006579	859.3
HP_0000533	373.2
HP_0002895	110.1
HP_0003022	785
HP_0000627	753.6
HP_0005017	703.2
HP_0000739	288
HP_0002072	324
HP_0000473	324.34
HP_0002411	334.25
HP_0002268	324.3
HP_0007098	324
HP_0008726	770.51
HP_0003298	751.11
HP_0009754	734
HP_0000059	770.6
HP_0012725	785.12
HP_0045005	751
HP_0007651	361.9
HP_0009743	754.1
HP_0003396	348.1
HP_0000680	500.4
HP_0002812	710.22
HP_0002659	726.2
HP_0003304	715.2
HP_0000891	787.51
HP_0011069	500.3
HP_0006040	785.1
HP_0025143	806
HP_0001025	666
HP_0012378	807
HP_0011227	825
HP_0002829	713.3
HP_0001917	249
HP_0032154	507.11
HP_0001954	805
HP_0000554	367.5
HP_0003326	724.1
HP_0001369	707
HP_0012019	372.2
HP_0000608	374.5
HP_0000787	585
HP_0000588	753.4
HP_0000589	753.4
HP_0007737	374.71
HP_0000662	386.6
HP_0000551	386.5
HP_0012508	386
HP_0007994	386.43
HP_0000548	374.7
HP_0000603	386.41
HP_0007722	374
HP_0030799	758.2
HP_0008453	787
HP_0002616	438.1
HP_0002999	712.6
HP_0010499	712.61
HP_0001083	372.2
HP_0008962	789
HP_0001653	413.11
HP_0002266	330.12
HP_0002373	330.31
HP_0011999	296.1
HP_0100785	333.2
HP_0003489	337
HP_0001289	329
HP_0002203	479.3
HP_0000495	369.42
HP_0007690	369.5
HP_0001131	369.5
HP_0007802	369.53
HP_0007827	369.1
HP_0007809	369.5
HP_0009926	363.5
HP_0001089	370.1
HP_0007957	369.1
HP_0007915	369.5
HP_0009918	370.41
HP_0011483	370.4
HP_0025358	370
HP_0007856	369.1
HP_0012531	809
HP_0200020	369.4
HP_0002983	785
HP_0002036	520.2
HP_0000050	771
HP_0001180	785.1
HP_0000776	789.11
HP_0009829	785.2
HP_0100716	284.2
HP_0003521	890.3
HP_0003419	718.4
HP_0003034	727
HP_0001349	334.2
HP_0002516	344.2
HP_0001085	380.21
HP_0005464	727.4
HP_0004493	727.4
HP_0000692	733.2
HP_0005450	727.4
HP_0001742	463.4
HP_0001363	758.23
HP_0000262	758
HP_0008080	709.23
HP_0003750	807.2
HP_0003560	339.1
HP_0009071	700.4
HP_0003737	339
HP_0003710	719.1
HP_0003458	349.3
HP_0002381	356.2
HP_0000737	308.1
HP_0007076	324
HP_0001317	349.1
HP_0000751	283.1
HP_0004442	758.23
HP_0100621	106.3
HP_0004439	758.3
HP_0000491	367.2
HP_0001126	753.12
HP_0000271	756
HP_0002097	474.1
HP_0001659	413.22
HP_0007517	679.8
HP_0000956	674.23
HP_0001410	545
HP_0003256	168.1
HP_0003355	240
HP_0001970	581
HP_0000712	308.3
HP_0001943	205
HP_0000510	374.7
HP_0001942	256.31
HP_0003128	256.31
HP_0003546	807
HP_0002353	349.12
HP_0003201	719.8
HP_0002151	256.31
HP_0030151	552.1
HP_0001414	542.2
HP_0006789	345
HP_0001034	674
HP_0011801	506.2
HP_0100753	287.1
HP_0007302	286.1
HP_0007529	790.2
HP_0008542	396
HP_0001730	396
HP_0000552	386.5
HP_0000650	385
HP_0006958	349.2
HP_0000408	396.2
HP_0000576	386.41
HP_0000642	386.5
HP_0000666	383.1
HP_0000572	388
HP_0002352	345
HP_0000649	385
HP_0002619	444.1
HP_0007123	328.3
HP_0007236	431.1
HP_0007634	380.1
HP_0006352	500.4
HP_0006335	500.4
HP_0007256	324
HP_0006350	503
HP_0011060	500.2
HP_0000694	500.2
HP_0009102	733.2
HP_0000703	500.2
HP_0007550	685
HP_0007588	674.2
HP_0000966	685.5
HP_0012788	507
HP_0001041	667
HP_0031284	679.22
HP_0011971	666.4
HP_0000863	209.21
HP_0009806	588.12
HP_0001959	257
HP_0001955	805
HP_0003228	256.1
HP_0000103	594.4
HP_0001986	256.71
HP_0000670	501
HP_0007937	374.7
HP_0000556	374.7
HP_0000829	208.1
HP_0001903	164
HP_0008285	247.3
HP_0007862	374
HP_0002901	247.51
HP_0005528	979.7
HP_0006515	481.43
HP_0001321	750.13
HP_0006739	103.22
HP_0001915	162
HP_0002206	481.4
HP_0002745	507.3
HP_0002367	353.12
HP_0100315	328.4
HP_0007159	355.2
HP_0002356	324.3
HP_0001304	324.3
HP_0002533	350.4
HP_0000643	324.36
HP_0001618	494
HP_0002451	324.3
HP_0007325	324.3
HP_0002310	324.31
HP_0008297	240.11
HP_0002174	324.4
HP_0002548	324.1
HP_0002300	356
HP_0002317	325.2
HP_0002307	506.5
HP_0010621	785.12
HP_0000220	764.1
HP_0002287	684.1
HP_0001092	753
HP_0001805	683
HP_0007500	685
HP_0007476	790.2
HP_0000674	500.1
HP_0007418	684.11
HP_0001806	683.4
HP_0001030	675
HP_0001073	676.2
HP_0001373	712.61
HP_0010500	712.51
HP_0006316	733.3
HP_0001382	712.51
HP_0005222	523
HP_0000592	753.71
HP_0005100	905
HP_0010485	712.51
HP_0100790	520
HP_0100645	618.11
HP_0005267	905
HP_0031157	438.6
HP_0002108	484.1
HP_0002105	487.3
HP_0000139	618.2
HP_0030009	619.31
HP_0100718	945
HP_0006201	712.51
HP_0004944	438.6
HP_0003088	708
HP_0001075	676.2
HP_0002194	891.3
HP_0008780	783.1
HP_0032153	712.6
HP_0001623	940.1
HP_0003502	890.3
HP_0001371	719.92
HP_0002816	710.3
HP_0002673	710.21
HP_0006243	712.61
HP_0006487	785.6
HP_0410027	504
HP_0030816	504.2
HP_0031368	532.2
HP_0002719	089
HP_0000225	504
HP_0004445	161.12
HP_0003265	251
HP_0001878	161
HP_0002884	101.61
HP_0001052	790.41
HP_0001305	750.62
HP_0000158	759.2
HP_0001540	719.3
HP_0000150	107.3
HP_0000803	586.2
HP_0001998	861.2
HP_0001539	789.21
HP_0006744	130
HP_0000105	586.4
HP_0002435	751.1
HP_0002691	758
HP_0004398	513
HP_0002044	206.2
HP_0001031	139.53
HP_0100570	114.4
HP_0003072	247.52
HP_0030404	114.11
HP_0100633	510.2
HP_0008261	114.11
HP_0012197	114.11
HP_0009720	138
HP_0008256	114.6
HP_0003118	210
HP_0007449	674
HP_0002897	149.3
HP_0001293	334
HP_0009763	809.3
HP_0002515	325.2
HP_0003388	807
HP_0007807	380
HP_0004396	230.3
HP_0012514	809.3
HP_0000823	217.1
HP_0005547	124
HP_0200097	507
HP_0007446	663
HP_0012221	663
HP_0007494	674
HP_0007530	680
HP_0007438	674
HP_0007383	790
HP_0005743	727.1
HP_0001387	713.4
HP_0002656	788.6
HP_0008800	713.4
HP_0008843	708
HP_0030672	376.21
HP_0030329	374.6
HP_0005162	424.1
HP_0012180	443.4
HP_0004933	438.41
HP_0001677	404.2
HP_0001097	367.31
HP_0032147	448.2
HP_0040264	734.9
HP_0000622	386
HP_0007772	383
HP_0005588	680.2
HP_0025114	680
HP_0005595	680
HP_0002343	344.13
HP_0001376	713.4
HP_0001525	890.1
HP_0000633	363
HP_0003469	326
HP_0007352	347
HP_0007676	753.5
HP_0000762	349.2
HP_0000685	500
HP_0002545	326
HP_0011675	416
HP_0007346	349.1
HP_0001000	674
HP_0003068	785
HP_0003276	724.5
HP_0000918	724.5
HP_0003406	336
HP_0002318	348.2
HP_0006765	104.1
HP_0000896	724.5
HP_0007902	377.5
HP_0030666	374.33
HP_0001493	374
HP_0007685	374
HP_0001489	376.1
HP_0030490	374.3
HP_0001147	374.3
HP_0000523	371.2
HP_0003076	831
HP_0002748	726.5
HP_0002749	726.5
HP_0002900	256.5
HP_0003648	240
HP_0000124	588.1
HP_0001941	256.31
HP_0002102	491
HP_0002586	537.1
HP_0001055	660.23
HP_0005764	707.8
HP_0011987	719.2
HP_0011988	719.2
HP_0002093	479.3
HP_0011989	719.2
HP_0004629	787
HP_0002878	479.3
HP_0008449	714.7
HP_0001012	139.5
HP_0030255	136.41
HP_0032227	682
HP_0032228	138
HP_0007620	104.3
HP_0005948	777.31
HP_0009726	108.4
HP_0006755	104.3
HP_0200040	682.11
HP_0100245	104.3
HP_0005113	438.1
HP_0010864	892.6
HP_0000212	504.4
HP_0000169	504.4
HP_0006887	892.6
HP_0007936	381.11
HP_0001488	361.3
HP_0031721	381.4
HP_0000577	381.4
HP_0031723	381.3
HP_0001161	785.12
HP_0006443	785.3
HP_0009556	785
HP_0009747	684.2
HP_0006863	891.11
HP_0001028	139.61
HP_0002219	684.2
HP_0002592	513.2
HP_0000729	892.4
HP_0000722	289
HP_0000960	790.5
HP_0002588	513.3
HP_0006498	785.3
HP_0002576	532.3
HP_0000151	770.31
HP_0002205	460
HP_0010765	680
HP_0003233	244.1
HP_0003141	239.11
HP_0003362	239.1
HP_0011599	796.12
HP_0012871	444.15
HP_0030424	603.2
HP_0005301	781.42
HP_0002608	525.1
HP_0006934	383.1
HP_0002909	240
HP_0200070	374.6
HP_0007641	386.5
HP_0011510	374.54
HP_0007754	369.5
HP_0000037	772.2
HP_0000149	106.3
HP_0000786	626.11
HP_0004423	751
HP_0005258	789
HP_0000161	757.2
HP_0007541	139.53
HP_0006992	751.3
HP_0006931	139.5
HP_0009099	757
HP_0007705	369.4
HP_0012040	369.2
HP_0012045	374
HP_0030642	374.7
HP_0003552	719
HP_0003390	337
HP_0012126	101.2
HP_0007340	807.2
HP_0001824	230.21
HP_0010529	894
HP_0002360	333
HP_0100035	324.6
HP_0007018	893.1
HP_0100034	324.6
HP_0007990	753.5
HP_0001999	758
HP_0007905	370.3
HP_0012174	109.3
HP_0030997	771.5
HP_0012207	609
HP_0000819	202
HP_0000813	770.33
HP_0002594	767
HP_0000074	581.3
HP_0040270	204.2
HP_0100611	580
HP_0004904	202.4
HP_0001997	703.11
HP_0002149	703.1
HP_0005598	138.1
HP_0012622	583
HP_0007543	680
HP_0007621	138.1
HP_0001004	177.4
HP_0000793	589.1
HP_0000034	603.1
HP_0100540	362.7
HP_0006521	177.4
HP_0000132	626.4
HP_0001892	168
HP_0003010	168.1
HP_0012147	168.114
HP_0011872	169.2
HP_0011974	124.8
HP_0008330	168.114
HP_0008320	169.2
HP_0000421	487.1
HP_0410030	757.2
HP_0001608	494
HP_0003720	719
HP_0004894	472.5
HP_0003712	719
HP_0000041	771.22
HP_0012330	581.1
HP_0003762	770.32
HP_0008740	770.52
HP_0002301	341.2
HP_0002077	331.61
HP_0008765	353.11
HP_0002329	355.2
HP_0000713	308.7
HP_0001125	386
HP_0002357	356.2
HP_0001259	355.1
HP_0004387	522
HP_0002251	524.3
HP_0003270	529.2
HP_0030953	366.42
HP_0025289	177.2
HP_0040313	707.8
HP_0012450	529.5
HP_0002239	557
HP_0003565	820
HP_0002653	727
HP_0100539	365.2
HP_0040186	679.1
HP_0100614	700.41
HP_0012280	249
HP_0002028	529.1
HP_0003982	785
HP_0009751	789
HP_0002943	714.3
HP_0009914	756
HP_0001360	750.15
HP_0006315	500
HP_0002507	750.15
HP_0008501	757
HP_0003031	785.6
HP_0006471	713.4
HP_0005180	413.3
HP_0006462	727
HP_0003834	712.61
HP_0001123	386.4
HP_0007773	374.3
HP_0007643	374.12
HP_0030157	527
HP_0000800	773.2
HP_0008663	108.41
HP_0008676	774.3
HP_0002153	256.4
HP_0011968	815
HP_0004906	256.71
HP_0002902	256.2
HP_0001944	256.71
HP_0001254	807
HP_0002150	832.9
HP_0008250	247.52
HP_0001084	369.44
HP_0010874	242
HP_0001114	362.1
HP_0007556	680
HP_0007559	680
HP_0003077	239
HP_0001658	404.1
HP_0031798	239.13
HP_0031800	239.13
HP_0003563	244.1
HP_0012238	239.1
HP_0100789	734
HP_0006735	114.6
HP_0006725	101.8
HP_0100027	554.1
HP_0006780	110.3
HP_0006781	149.1
HP_0000843	208.2
HP_0006766	108.41
HP_0007505	674.2
HP_0001045	674.1
HP_0001053	674.1
HP_0006817	750.13
HP_0002089	777.33
HP_0008751	777.1
HP_0002835	478
HP_0002575	492
HP_0001320	750.13
HP_0011467	766
HP_0000267	758
HP_0000695	500.4
HP_0000049	771
HP_0002913	832.2
HP_0002615	446
HP_0005967	256.31
HP_0040075	209.2
HP_0004416	436
HP_0001039	239.3
HP_0010871	325.3
HP_0002918	247.41
HP_0001733	554.1
HP_0008200	208.21
HP_0000934	703.2
HP_0009815	785
HP_0011405	890.3
HP_0000044	215.1
HP_0000771	612.2
HP_0004408	352
HP_0031817	208
HP_0001281	350.1
HP_0001153	770.52
HP_0008341	588.1
HP_0002049	588.1
HP_0003282	823.2
HP_0006323	502.6
HP_0002542	324.2
HP_0001278	446.2
HP_0002180	328.3
HP_0000012	594.6
HP_0010564	777
HP_0000835	794
HP_0006159	785.12
HP_0007601	139.61
HP_0003048	712.6
HP_0000171	759
HP_0010112	785.12
HP_0100258	785.12
HP_0002444	209.3
HP_0008706	774.5
HP_0005151	778.41
HP_0005349	777
HP_0003027	785
HP_0000871	209.2
HP_0000826	217.2
HP_0008188	200.11
HP_0000824	209.2
HP_0001830	785.12
HP_0006402	785
HP_0000976	668
HP_0007479	790.1
HP_0003193	463.2
HP_0005425	460
HP_0002728	070
HP_0002726	002.1
HP_0006532	468
HP_0000458	352.1
HP_0000830	209.2
HP_0200148	823.1
HP_0001406	552.2
HP_0008194	136.8
HP_0000825	205
HP_0001087	753.9
HP_0001597	683
HP_0003065	785.3
HP_0002100	478
HP_0002024	525
HP_0010314	217.2
HP_0005218	532.1
HP_0004736	773.8
HP_0007655	361.9
HP_0009804	500
HP_0100257	785.1
HP_0100726	104.6
HP_0001572	500.2
HP_0002942	714.1
HP_0000221	509.5
HP_0002860	103.22
HP_0012804	367.21
HP_0000559	369.1
HP_0005406	089.1
HP_0001128	361.1
HP_0007410	685.8
HP_0001036	680
HP_0007447	680
HP_0011459	101.1
HP_0040162	680
HP_0007501	680
HP_0007443	240.13
HP_0002375	325
HP_0031951	330
HP_0002359	350.5
HP_0001233	785.12
HP_0009740	760
HP_0009741	586.5
HP_0007900	754.2
HP_0000198	760
HP_0100583	367.21
HP_0007892	363.7
HP_0008743	771.21
HP_0000620	363.61
HP_0007732	363
HP_0007656	363
HP_0000522	363
HP_0009637	785.1
HP_0003994	712.61
HP_0002779	777.2
HP_0002777	472.5
HP_0004942	438.1
HP_0025452	669.1
HP_0002110	476
HP_0011107	507.11
HP_0009098	070
HP_0002716	177.2
HP_0004854	169.1
HP_0000131	144.21
HP_0007437	104.3
HP_0012569	217.1
HP_0011710	416.4
HP_0001709	416.41
HP_0002996	713.4
HP_0010463	770.11
HP_0004409	352.1
HP_0008724	770.1
HP_0009826	785
HP_0004565	787
HP_0200083	785
HP_0001538	556.3
HP_0005716	788
HP_0002894	101.8
HP_0002488	121.1
HP_0030078	102.1
HP_0012125	107.2
HP_0030448	104.3
HP_0100787	107.2
HP_0100768	106.6
HP_0001397	542.2
HP_0003074	204
HP_0009125	244.4
HP_0000831	202.2
HP_0008739	770.6
HP_0000991	242
HP_0001735	554.11
HP_0000147	628.3
HP_0002621	436
HP_0000842	205
HP_0000468	236.2
HP_0001882	170
HP_0025300	679.1
HP_0001701	410.1
HP_0002725	700.11
HP_0500041	387.3
HP_0008052	374
HP_0007731	753.82
HP_0009879	750
HP_0003550	177.4
HP_0001790	868.3
HP_0012227	597.1
HP_0012740	138
HP_0100658	660.6
HP_0007448	680
HP_0004446	161.1
HP_0006298	168
HP_0031364	168.19
HP_0000967	168.19
HP_0031526	374.8
HP_0008028	374.53
HP_0005567	247.42
HP_0002917	247.42
HP_0001849	785
HP_0008749	777.13
HP_0009601	785.1
HP_0000652	754.1
HP_0001543	789.22
HP_0002410	750.61
HP_0000636	754.1
HP_0007633	753.12
HP_0005136	413.1
HP_0025586	381
HP_0004970	438.1
HP_0001065	675.2
HP_0004927	438.9
HP_0002107	484
HP_0032934	-
HP_0003179	710.23
HP_0001704	413.32
HP_0004872	520.15
HP_0002647	438.41
HP_0100250	347
HP_0000675	500.2
HP_0007583	125.1
HP_0200151	125.1
HP_0001977	440
HP_0001902	169.2
HP_0004389	524
HP_0004388	765
HP_0004395	230
HP_0000016	594.1
HP_0002463	891.1
HP_0000736	893.1
HP_0002591	293.4
HP_0005871	788
HP_0100759	813
HP_0006414	785.6
HP_0100255	788
HP_0005625	726.1
HP_0005877	726.2
HP_0004619	714.3
HP_0006768	114.6
HP_0010626	209.22
HP_0001750	780
HP_0000873	209.21
HP_0009927	758.63
HP_0002083	331.6
HP_0002183	288.4
HP_0002018	528.1
HP_0002322	324.4
HP_0000815	215.1
HP_0002578	516.4
HP_0003323	807.2
HP_0006858	337.11
HP_0000590	324.21
HP_0000869	626.11
HP_0000029	603.4
HP_0006886	351
HP_0007468	680
HP_0006758	108
HP_0030731	130
HP_0030410	138
HP_0002253	523.2
HP_0006719	136
HP_0012118	100.6
HP_0006771	101.3
HP_0006778	146
HP_0003250	770.5
HP_0008655	770
HP_0004481	758
HP_0000836	200.3
HP_0100646	200.4
HP_0000854	149.1
HP_0000853	200.2
HP_0000138	628
HP_0007206	750.3
HP_0004313	179.1
HP_0001102	374.57
HP_0010619	140
HP_0004390	136.4
HP_0002355	325.24
HP_0040131	349.2
HP_0001605	472.1
HP_0001604	472.1
HP_0003445	349.3
HP_0009053	807.2
HP_0002522	350.3
HP_0002600	350.3
HP_0011808	350.3
HP_0031936	891.3
HP_0003474	337
HP_0009046	325.24
HP_0008994	807.2
HP_0007269	323.2
HP_0008956	719.6
HP_0002747	479.3
HP_0006466	719.92
HP_0012231	374.1
HP_0012473	509.4
HP_0009023	807.2
HP_0008981	719
HP_0008970	339.12
HP_0007763	374.35
HP_0003547	807.2
HP_0003724	719.6
HP_0004820	121.12
HP_0006801	350.3
HP_0002166	351
HP_0011448	325.1
HP_0001908	162
HP_0001876	162.8
HP_0002500	349.1
HP_0000756	288.41
HP_0002123	330.11
HP_0001308	325.1
HP_0008955	719.6
HP_0002197	330.11
HP_0200136	512
HP_0002311	325.3
HP_0002064	325.2
HP_0001350	356.4
HP_0011916	719.6
HP_0009031	719.6
HP_0009077	807.2
HP_0000467	807.2
HP_0003738	724.1
HP_0009005	807.2
HP_0000615	370.41
HP_0007126	719.6
HP_0003730	349.3
HP_0003740	339.2
HP_0012899	339.2
HP_0010548	339.2
HP_0025605	361.5
HP_0001262	333.3
HP_0001081	550.1
HP_0008770	289
HP_0003764	138.1
HP_0006769	104.3
HP_0005587	678
HP_0002890	110.1
HP_0100008	148.5
HP_0008225	200.2
HP_0002666	114.6
HP_0001808	683
HP_0030804	683.2
HP_0012376	753.2
HP_0009781	753.5
HP_0009783	789
HP_0009785	789
HP_0009788	789
HP_0003418	718
HP_0003306	719.1
HP_0003722	807.2
HP_0003810	807.2
HP_0010302	109.4
HP_0045054	335.11
HP_0000764	337
HP_0002521	349.12
HP_0000997	674.22
HP_0002859	104.3
HP_0007565	674.21
HP_0001067	139.4
HP_0100697	104.4
HP_0030052	674.22
HP_0009732	139.4
HP_0009735	139.4
HP_0009734	109.3
HP_0006851	139.4
HP_0001531	871.2
HP_0005994	200.2
HP_0003005	139.4
HP_0002865	110.1
HP_0008208	208.21
HP_0007267	337
HP_0003448	349.2
HP_0001886	701.1
HP_0040289	170.14
HP_0001433	546.31
HP_0011897	171.9
HP_0011704	416.13
HP_0030682	414
HP_0001688	417
HP_0004841	168.3
HP_0000917	786.2
HP_0100769	721.1
HP_0000915	786.1
HP_0000476	139.62
HP_0003251	609
HP_0004859	169.1
HP_0008357	168.3
HP_0009183	719.92
HP_0000011	596.5
HP_0008442	715.5
HP_0010705	785.12
HP_0002085	751.3
HP_0003305	714.7
HP_0008417	787
HP_0001140	148.13
HP_0009892	755.12
HP_0012166	289
HP_0030212	289
HP_0001746	795.1
HP_0001748	795
HP_0001747	795
HP_0004692	785.12
HP_0001734	767.1
HP_0007838	361.3
HP_0008756	785.6
HP_0007006	716.2
HP_0007078	349.2
HP_0002168	356.1
HP_0007263	328.3
HP_0000543	380.3
HP_0005025	785
HP_0004991	785
HP_0005060	713.4
HP_0006376	713.4
HP_0000575	386.41
HP_0012521	380.13
HP_0010886	728.2
HP_0100777	724.5
HP_0000362	391.8
HP_0010444	479
HP_0005005	785.6
HP_0003023	785.6
HP_0004349	727
HP_0001800	683
HP_0005864	785
HP_0001473	726.6
HP_0001495	726.6
HP_0001504	726.6
HP_0006234	726.6
HP_0001225	681
HP_0001785	681
HP_0100246	139.1
HP_0031013	712.4
HP_0007626	701.1
HP_0007209	334.2
HP_0011002	788.4
HP_0005789	788.4
HP_0010739	788
HP_0100898	138.1
HP_0007502	680
HP_0025084	682
HP_0008392	680
HP_0012035	682.1
HP_0002797	726.6
HP_0008946	719.6
HP_0003551	325.2
HP_0030838	713.3
HP_0003749	807.2
HP_0006913	328.3
HP_0007112	328.3
HP_0008988	789
HP_0031417	471
HP_0001662	417.3
HP_0200026	389.1
HP_0500005	530
HP_0200025	734.9
HP_0002202	483
HP_0005213	554
HP_0002570	525
HP_0005206	554.2
HP_0006715	114.5
HP_0001686	494
HP_0002886	114.5
HP_0005348	488.5
HP_0011809	339.2
HP_0007385	790
HP_0004492	758.7
HP_0001621	494
HP_0007311	325.2
HP_0002362	325.2
HP_0000719	283
HP_0000511	382.2
HP_0002791	488
HP_0007110	333.12
HP_0025234	333.5
HP_0007913	374.7
HP_0011506	374.33
HP_0007963	374.7
HP_0006895	719
HP_0009824	785
HP_0002395	350.3
HP_0002344	328.3
HP_0007480	685.5
HP_0007262	326
HP_0008652	605.1
HP_0006994	322.2
HP_0005341	596.5
HP_0007371	328.3
HP_0009937	684.2
HP_0006528	474
HP_0007489	138.1
HP_0031956	823.1
HP_0007473	667
HP_0005147	416
HP_0001657	418.1
HP_0008153	339.4
HP_0003768	339.4
HP_0025072	418.1
HP_0003778	733.1
HP_0003752	807.2
HP_0007215	339.4
HP_0000166	504.3
HP_0001095	374.41
HP_0000875	401
HP_0011978	240
HP_0032346	249
HP_0011781	200.2
HP_0002476	350.3
HP_0030213	308
HP_0000734	283
HP_0000745	308.4
HP_0000733	893.6
HP_0007542	674
HP_0007544	674.1
HP_0000598	755
HP_0007903	373.2
HP_0000839	209.22
HP_0025474	667
HP_0000656	361.9
HP_0031045	678
HP_0005590	674.1
HP_0007561	138.1
HP_0007488	675
HP_0001741	604.1
HP_0005585	674.2
HP_0430007	366.3
HP_0001407	546
HP_0007029	438.6
HP_0004732	588.1
HP_0002048	586.5
HP_0005576	581
HP_0000096	586.5
HP_0005583	580.3
HP_0012213	588.2
HP_0000108	586.2
HP_0003573	251
HP_0006557	766.2
HP_0000180	759
HP_0009606	785.11
HP_0009942	785.11
HP_0001841	785.12
HP_0005688	785.11
HP_0010713	785.12
HP_0025124	502.2
HP_0003080	240
HP_0002573	557.2
HP_0002035	530.3
HP_0004394	136
HP_0003073	248
HP_0006548	441.2
HP_0002672	101
HP_0004784	136
HP_0001009	138.1
HP_0002408	441.5
HP_0006574	441
HP_0004783	136.41
HP_0011068	135.1
HP_0005227	136.41
HP_0007649	753.82
HP_0010614	139.3
HP_0010562	676.1
HP_0006722	114.41
HP_0001891	160.1
HP_0002584	557
HP_0100582	471.5
HP_0010784	106.2
HP_0031261	146.5
HP_0008204	217.2
HP_0200008	136.3
HP_0000243	758.23
HP_0011330	758.23
HP_0001459	785.12
HP_0002140	431.11
HP_0500087	380.3
HP_0032046	750
HP_0010636	750.4
HP_0011496	369.3
HP_0000646	386.1
HP_0001136	374.3
HP_0008069	103
HP_0200044	680
HP_0002590	514.31
HP_0000725	287
HP_0100518	594.2
HP_0100324	700.3
HP_0005586	674.2
HP_0010473	245
HP_0002144	751
HP_0010447	532.1
HP_0100806	092.2
HP_0002617	438
HP_0009789	530.2
HP_0000010	591
HP_0004796	514
HP_0007293	751.1
HP_0001681	403
HP_0040160	726.1
HP_0005181	404.2
HP_0100724	168.2
HP_0002638	440.13
HP_0002625	440.11
HP_0002204	440.3
HP_0005305	440.1
HP_0001498	785
HP_0002341	348.4
HP_0000763	337
HP_0006467	713.4
HP_0003414	712.63
HP_0001949	256.32
HP_0200114	256.32
HP_0001132	372.2
HP_0009916	384.1
HP_0012635	370.3
HP_0012636	374.3
HP_0011499	384.3
HP_0012627	375.13
HP_0008242	588.1
HP_0000573	377.4
HP_0005297	448
HP_0012457	436
HP_0002634	436
HP_0004966	436
HP_0006519	102.1
HP_0012735	801
HP_0031950	481.41
HP_0002875	488.1
HP_0001708	424.5
HP_0001667	425
HP_0005317	406.1
HP_0007688	385
HP_0031609	374.5
HP_0009919	109.15
HP_0011531	376
HP_0010799	109.3
HP_0012254	104.1
HP_0001909	121
HP_0002665	122
HP_0000555	389.2
HP_0030983	144.3
HP_0100528	102.1
HP_0025388	200.2
HP_0006743	104.3
HP_0005987	200.23
HP_0000485	753
HP_0000558	753.52
HP_0500070	139.5
HP_0025612	387.3
HP_0010297	759
HP_0000060	770.6
HP_0001705	780
HP_0000075	773.6
HP_0002345	324.4
HP_0007351	324.4
HP_0001601	777.1
HP_0002788	460.1
HP_0011087	500.2
HP_0010775	778.46
HP_0100710	298
HP_0001956	236.1
HP_0009715	146.31
HP_0001135	374.7
HP_0004411	471.2
HP_0002870	333.11
HP_0100852	288
HP_0000539	387
HP_0005306	139.61
HP_0006483	500
HP_0001094	367.52
HP_0012424	367.53
HP_0100721	177.2
HP_0006530	481
HP_0002039	230.3
HP_0002113	495
HP_0002037	522.1
HP_0012418	498.1
HP_0012062	727.5
HP_0010286	506
HP_0008940	177.2
HP_0007734	363
HP_0011939	785.12
HP_0100783	612.3
HP_0006349	500
HP_0001771	719.92
HP_0005997	719.92
HP_0004631	719.92
HP_0011727	807.2
HP_0009049	719.6
HP_0006785	339.1
HP_0008944	719.6
HP_0003704	807.2
HP_0003697	719.6
HP_0010307	488.5
HP_0009060	719.6
HP_0009063	807.2
HP_0006897	334.44
HP_0001385	783.1
HP_0009113	486.4
HP_0007178	337
HP_0003634	789
HP_0009054	339.1
HP_0030319	334.23
HP_0010627	209
HP_0011755	209
HP_0001607	777.12
HP_0007397	685
HP_0007086	328
HP_0025356	891
HP_0007766	380.13
HP_0004325	230.22
HP_0004382	413.1
HP_0004380	413.21
HP_0100550	720
HP_0030043	712.6
HP_0005303	436.3
HP_0004324	236
HP_0032521	893
HP_0031849	333.4
HP_0032508	893
HP_0032509	893
HP_0012168	893.6
HP_0010780	397.3
HP_0040129	349.2
HP_0000820	200
HP_0002061	719.1
HP_0004444	161.1
HP_0002904	251
HP_0002323	750.12
HP_0002475	751.1
HP_0012032	139.5
HP_0010501	713.4
HP_0008857	890.3
HP_0002651	788
HP_0003320	712.6
HP_0002657	788
HP_0000090	773.3
HP_0008845	890.3
HP_0000381	391.51
HP_0007943	391.51
HP_0010522	894.1
HP_0000616	384.2
HP_0032550	821
HP_0004950	448
HP_0004381	413.21
HP_0008083	785
HP_0009185	719.92
HP_0009162	785.1
HP_0100259	785.12
HP_0010708	785.12
HP_0006088	785.12
HP_0009816	785
HP_0008607	396.1
HP_0010624	683
HP_0008460	787
HP_0006385	785
HP_0000364	396
HP_0007813	367.5
HP_0001386	713.2
HP_0025230	723
HP_0005830	719.92
HP_0001101	367.52
HP_0012219	667.3
HP_0011505	374.8
HP_0007432	667
HP_0001694	780
HP_0011934	438
HP_0012151	491
HP_0001722	424
HP_0002138	430.1
HP_0005268	900.1
HP_0002390	441
HP_0100585	138.1
HP_0040223	487
HP_0100858	438
HP_0002629	441.3
HP_0002626	444.1
HP_0000961	498.2
HP_0004406	487.1
HP_0006107	138.1
HP_0002642	441.1
HP_0030877	496
HP_0001901	175
HP_0000214	138.1
HP_0030049	322.4
HP_0000471	517
HP_0002249	557.2
HP_0002248	557.1
HP_0002187	892.6
HP_0008909	890.3
HP_0002282	750
HP_0003540	169.2
HP_0040185	169.1
HP_0012526	169.2
HP_0003337	168.4
HP_0008148	169.2
HP_0004866	169.2
HP_0001907	440
HP_0004419	440.13
HP_0100602	908.1
HP_0003645	168.1
HP_0040198	110.1
HP_0006731	110.1
HP_0011788	200.9
HP_0002930	200
HP_0000971	685
HP_0006347	500.2
HP_0002378	324.4
HP_0003279	725.21
HP_0010300	494
HP_0002805	727
HP_0002245	765.1
HP_0008275	385
HP_0009719	674.1
HP_0010762	104.1
HP_0012469	330.13
HP_0006772	139.52
HP_0009722	500.2
HP_0009724	139.3
HP_0009727	374.71
HP_0001482	681
HP_0012798	481.5
HP_0011097	330.13
HP_0001716	416.8
HP_0030211	384
HP_0012624	583
HP_0002009	876
HP_0012432	807.1
HP_0031987	329.41
HP_0002518	349.1
HP_0007009	323
HP_0200029	687
HP_0030880	448.1
HP_0040049	374.8
HP_0007017	329.1
HP_0200030	687
HP_0001413	542.1
HP_0001664	416.12
HP_0001670	414.1
HP_0008138	710.42
HP_0004912	247.3
HP_0030856	368.1
HP_0008043	374.37
HP_0007661	374
HP_0007985	374.37
HP_0032027	374
HP_0030667	374.33
HP_0007778	374.33
HP_0007658	374
HP_0005562	586.2
HP_0006880	139.61
HP_0001737	554.2
HP_0009711	139.61
HP_0009713	148.4
HP_0005954	139.61
HP_0003125	168.3
HP_0005542	168.1
HP_0005261	713.1
HP_0000979	168.1
HP_0002946	787
HP_0001022	240.13
HP_0000008	770
HP_0200043	056.1
HP_0004315	179.6
HP_0012785	719.92
HP_0003044	719.92
HP_0002365	750.13
HP_0001239	719.92
HP_0000033	772
HP_0000061	772
HP_0010459	772.1
HP_0003248	772
HP_0005165	418.1
HP_0006684	416
HP_0006677	418.1
HP_0005535	161.1
HP_0003641	832.4
HP_0012115	540
HP_0008269	161.1
HP_0002630	525
HP_0001927	821
HP_0000546	374
HP_0000488	374.4
HP_0007305	326
HP_0008181	244.1
HP_0000062	772
HP_0011267	755.11
HP_0002933	520.14
HP_0002340	328.3
HP_0100033	324.6
HP_0007326	324
HP_0005632	785
HP_0009828	785
HP_0004231	785
HP_0010509	785
HP_0010048	785.1
HP_0004050	785
HP_0010744	785
HP_0010760	785
HP_0009820	785
HP_0005736	785
HP_0009802	785.1
HP_0001789	868.3
HP_0003086	785
HP_0008081	784
HP_0005914	785
HP_0001964	785
HP_0006228	710.1
HP_0005148	413.4
HP_0001641	413.4
HP_0010576	347.1
HP_0000308	733.7
HP_0006397	711
HP_0009608	785.11
HP_0001669	778.2
HP_0005435	179.9
HP_0005401	070
HP_0040171	215.1
HP_0001818	660.6
HP_0000224	352
HP_0001069	685.8
HP_0011748	209.2
HP_0003162	205
HP_0008309	240
HP_0003234	240.38
HP_0002181	346.6
HP_0003108	240.7
HP_0003219	240
HP_0004911	256.31
HP_0009045	719.8
HP_0001404	546.1
HP_0001958	205
HP_0008305	832.2
HP_0002789	488.4
HP_0003215	240
HP_0008258	211.31
HP_0001586	617
HP_0000066	770.6
HP_0001194	907
HP_0008665	770.6
HP_0008707	771.3
HP_0012411	217.2
HP_0008185	217.2
HP_0001988	205
HP_0003455	240.3
HP_0010696	371.2
HP_0000846	211.2
HP_0011900	168
HP_0001696	796.1
HP_0009939	733.1
HP_0012730	759
HP_0012311	171.2
HP_0005541	170.11
HP_0004845	121.12
HP_0001107	240.131
HP_0200098	674
HP_0001010	674.1
HP_0007603	674.22
HP_0002583	522
HP_0001141	388
HP_0002376	890
HP_0007162	326
HP_0002483	323.32
HP_0008419	716.2
HP_0001717	404.2
HP_0012847	330.12
HP_0001408	552
HP_0012072	240.2
HP_0002133	330.1
HP_0003287	246
HP_0006964	328.3
HP_0003535	240.23
HP_0005974	256.31
HP_0011501	753.2
HP_0004438	727.4
HP_0200120	540.1
HP_0001099	374
HP_0001483	893.6
HP_0000654	385
HP_0005157	414.1
HP_0002361	328
HP_0000550	385
HP_0006285	500.2
HP_0000805	893.7
HP_0004727	588.1
HP_0000682	500.2
HP_0002464	356.1
HP_0003444	349.3
HP_0001285	342
HP_0002193	346.2
HP_0002491	719.1
HP_0009130	719.6
HP_0002425	356.1
HP_0006986	719.1
HP_0002127	323.3
HP_0002501	719.1
HP_0010829	351
HP_0025608	361.94
HP_0032231	164
HP_0011273	821
HP_0004840	164.1
HP_0004447	821
HP_0001264	341.14
HP_0002510	342
HP_0000063	770.61
HP_0000660	239.4
HP_0001013	239.3
HP_0001987	240.5
HP_0002478	342
HP_0002313	342.1
HP_0008339	240
HP_0002572	528.2
HP_0500153	240.5
HP_0006580	542.1
HP_0001395	542.1
HP_0005961	240.5
HP_0001951	240.5
HP_0001950	256.32
HP_0100545	443.1
HP_0004940	436
HP_0007421	138.1
HP_0004955	781.6
HP_0006687	778.4
HP_0200084	859.2
HP_0002611	546
HP_0002908	251
HP_0001339	750.13
HP_0003700	719.6
HP_0006266	907
HP_0004637	717
HP_0002563	410.1
HP_0005186	721.7
HP_0005197	713.4
HP_0000053	771
HP_0032198	168.4
HP_0031834	778.4
HP_0001674	780.43
HP_0001651	796.12
HP_0011565	780.42
HP_0031565	796.1
HP_0005160	781.41
HP_0011536	780
HP_0002613	544
HP_0100732	554
HP_0005999	775.3
HP_0012042	475
HP_0000778	220
HP_0006254	824.3
HP_0002837	469
HP_0005403	170.2
HP_0000134	214.1
HP_0012539	122.2
HP_0012189	122.1
HP_0001315	350.3
HP_0008669	609
HP_0000571	383.2
HP_0001931	164
HP_0006747	114.6
HP_0004370	811
HP_0000998	684.2
HP_0002141	325.2
HP_0012393	840
HP_0002167	356
HP_0001829	785.12
HP_0002783	460.2
HP_0004432	179
HP_0004385	529.1
HP_0005386	084
HP_0002383	321.1
HP_0007041	320.22
HP_0011473	532
HP_0006562	540.3
HP_0003139	179.1
HP_0025043	177.2
HP_0003496	179.8
HP_0100727	120.3
HP_0005661	701.1
HP_0030166	685.82
HP_0008802	785
HP_0003089	719.92
HP_0002191	719.1
HP_0006366	719.92
HP_0008281	240.5
HP_0002919	832.5
HP_0006573	542.2
HP_0001993	256.31
HP_0001992	240.2
HP_0001051	668.2
HP_0004870	161.1
HP_0031290	239.3
HP_0004802	161.1
HP_0007880	369.5
HP_0007675	386.6
HP_0011003	387.21
HP_0030528	386.41
HP_0003508	890.3
HP_0006434	785
HP_0001883	784.1
HP_0006442	785
HP_0003865	785.6
HP_0003498	890.3
HP_0007402	674
HP_0005978	202.2
HP_0011834	433.4
HP_0000690	500
HP_0000868	629
HP_0000027	609.1
HP_0020049	381.3
HP_0000808	771.21
HP_0000667	375.71
HP_0002877	333.1
HP_0002312	325.3
HP_0011449	325.1
HP_0007097	334
HP_0006575	552.2
HP_0003761	247.5
HP_0003771	503
HP_0005572	588.1
HP_0005571	588.1
HP_0004934	436
HP_0030358	102.1
HP_0001287	320
HP_0032259	660.12
HP_0012203	660.12
HP_0032515	660.12
HP_0032061	171.7
HP_0040303	160.1
HP_0002721	179
HP_0001929	168.3
HP_0008151	168.4
HP_0006955	750.13
HP_0003146	242.1
HP_0011858	168.3
HP_0007466	139.61
HP_0003423	714.3
HP_0031014	778.4
HP_0011662	779.2
HP_0008722	597.4
HP_0001655	780.42
HP_0004756	416.12
HP_0006682	416
HP_0006543	497
HP_0001298	345
HP_0030362	240.38
HP_0001946	256.31
HP_0045061	240.38
HP_0005959	241.5
HP_0004901	256.31
HP_0007401	374.5
HP_0004684	784
HP_0100651	202.1
HP_0100502	232.27
HP_0100507	232.29
HP_0100512	232.4
HP_0011892	232.6
HP_0010280	507.1
HP_0000876	626.11
HP_0002419	349.1
HP_0002871	488.7
HP_0000570	383
HP_0002790	854
HP_0007271	751.1
HP_0002508	750.13
HP_0010828	334.24
HP_0000617	383
HP_0002876	488.4
HP_0100951	750
HP_0007973	753.82
HP_0002461	347
HP_0004363	247.5
HP_0002504	433.2
HP_0002406	325.3
HP_0002305	325.1
HP_0100291	349.2
HP_0010845	349.12
HP_0003482	349.3
HP_0001344	891.1
HP_0001520	851
HP_0011504	374
HP_0012592	830
HP_0002416	347.1
HP_0001401	766.1
HP_0004734	586.2
HP_0002033	871
HP_0006915	325.24
HP_0032499	172.2
HP_0012156	172.3
HP_0001104	753.8
HP_0005429	089.1
HP_0007133	337
HP_0001948	256.32
HP_0008754	472
HP_0001802	793
HP_0002787	473
HP_0006559	546
HP_0004510	206
HP_0002040	444.13
HP_0002139	750.12
HP_0008362	785
HP_0000647	753.61
HP_0008386	683
HP_0001409	542.4
HP_0003357	220
HP_0008850	871.2
HP_0007814	374.7
HP_0000297	334.23
HP_0008915	236.1
HP_0012047	386
HP_0011516	386.5
HP_0007803	386.5
HP_0011802	135.12
HP_0200085	324.4
HP_0011947	460
HP_0002862	108.5
HP_0009588	148.5
HP_0031842	177.4
HP_0012081	347
HP_0005465	727.4
HP_0011318	758.23
HP_0004871	532.1
HP_0007452	139.61
HP_0002045	811
HP_0005990	200.1
HP_0008191	200.11
HP_0100028	200.24
HP_0008282	251
HP_0001343	859
HP_0007993	754.2
HP_0005950	777.11
HP_0005352	179
HP_0008750	777.13
HP_0000777	220
HP_0008678	773.1
HP_0002006	756
HP_0012741	771.11
HP_0004948	781.6
HP_0000015	596.3
HP_0010537	758.7
HP_0001648	406.6
HP_0006538	460
HP_0000832	200.1
HP_0002907	593.1
HP_0003358	240.4
HP_0030190	334.23
HP_0000531	369.15
HP_0000026	215.1
HP_0003532	240
HP_0003268	240
HP_0003297	240
HP_0003131	240.42
HP_0008936	807.2
HP_0008288	240.7
HP_0001919	582
HP_0000791	585
HP_0008682	582.1
HP_0012715	396
HP_0008213	209.2
HP_0010524	894
HP_0003447	337
HP_0000727	328
HP_0009917	370.4
HP_0011886	377.8
HP_0011484	370.4
HP_0012043	383.1
HP_0007899	374.1
HP_0001889	160.2
HP_0001924	162.6
HP_0006217	713.4
HP_0003126	830
HP_0009110	486.4
HP_0003235	240.4
HP_0012023	241.1
HP_0012024	241.11
HP_0003452	247.7
HP_0002041	529.1
HP_0012758	890
HP_0011031	247.7
HP_0001076	139.61
HP_0006517	481.2
HP_0001082	550.2
HP_0001895	164
HP_0001897	164
HP_0001930	161.1
HP_0004789	525.31
HP_0005964	811
HP_0012877	605.2
HP_0000017	594.41
HP_0001063	448
HP_0004891	478
HP_0002821	707
HP_0002465	356
HP_0005532	164.2
HP_0012132	176
HP_0002043	514.1
HP_0001059	366.1
HP_0000064	770.6
HP_0031405	138
HP_0031454	138
HP_0007607	790.2
HP_0001106	362.2
HP_0025019	438
HP_0008458	787
HP_0001788	905
HP_0010749	361.4
HP_0000222	504.4
HP_0005332	712.6
HP_0004876	484.1
HP_0200094	733.2
HP_0000039	771.27
HP_0010454	724.52
HP_0002421	890
HP_0007321	349.1
HP_0000253	750.11
HP_0009710	677
HP_0002448	345
HP_0012110	750.13
HP_0002803	719.92
HP_0007105	345
HP_0002304	324
HP_0002324	750.12
HP_0007609	812
HP_0003075	248
HP_0005214	514.2
HP_0030243	440.1
HP_0007430	812.1
HP_0002639	440.14
HP_0005203	510.4
HP_0006089	685.8
HP_0004552	684.13
HP_0011859	367.22
HP_0003341	663
HP_0004399	763.1
HP_0200134	330.1
HP_0031174	711
HP_0002654	788.6
HP_0012095	712.61
HP_0003225	168.3
HP_0012233	724.3
HP_0008169	168.3
HP_0008321	168.3
HP_0009943	785.11
HP_0001017	679.21
HP_0010035	785.1
HP_0000125	773.8
HP_0012468	256.31
HP_0004915	241.1
HP_0010729	374
HP_0040139	688
HP_0007470	681
HP_0008226	217
HP_0008451	787
HP_0005476	758.7
HP_0005442	758.7
HP_0005876	719.92
HP_0006492	785
HP_0006262	785.1
HP_0006265	785.1
HP_0005613	785
HP_0004851	160.2
HP_0000155	507.11
HP_0100660	324.3
HP_0003115	418.1
HP_0003116	848.2
HP_0005973	241.21
HP_0008273	240
HP_0003149	832
HP_0002883	488.2
HP_0008436	787
HP_0004558	787
HP_0004918	256.31
HP_0006904	323
HP_0007313	328.3
HP_0001654	413
HP_0001982	120.3
HP_0007281	890
HP_0007272	328
HP_0002506	328.3
HP_0001971	174.21
HP_0010885	727.1
HP_0006775	123.1
HP_0007817	382.2
HP_0004963	436.3
HP_0007885	383.2
HP_0007975	383.2
HP_0005890	727.4
HP_0100252	788
HP_0005505	124.6
HP_0011871	169.2
HP_0004846	168
HP_0008041	753.9
HP_0002173	205
HP_0006929	345
HP_0002605	546.1
HP_0004448	542.3
HP_0001985	205
HP_0007002	337
HP_0008259	211.2
HP_0002571	510.1
HP_0410175	256.31
HP_0003150	240
HP_0006873	326
HP_0002614	542.3
HP_0001325	205.1
HP_0002254	529.1
HP_0012522	138.1
HP_0006280	554.12
HP_0006597	486.4
HP_0040319	832
HP_0010677	594.33
HP_0007141	337.11
HP_0007941	383
HP_0008697	770
HP_0010464	770.1
HP_0040154	682.4
HP_0001581	660
HP_0012089	704
HP_0005387	179.3
HP_0007417	700.12
HP_0002740	003
HP_0002840	177.1
HP_0002741	018
HP_0100523	546.2
HP_0002955	688
HP_0002724	074
HP_0002742	011
HP_0002842	035
HP_0002487	719.1
HP_0003781	506.5
HP_0006829	807.2
HP_0002509	719
HP_0004923	240.11
HP_0002283	328.3
HP_0000658	362
HP_0031814	894
HP_0008353	240
HP_0000206	509.1
HP_0006518	408
HP_0025180	495
HP_0005356	179
HP_0005575	161.22
HP_0005369	179
HP_0001981	821
HP_0005421	179
HP_0001937	161.1
HP_0100519	594.5
HP_0005416	179
HP_0002593	177.4
HP_0005183	177.4
HP_0002243	525
HP_0006531	177.4
HP_0008229	177.4
HP_0006685	414.7
HP_0004961	778.5
HP_0012429	349.1
HP_0001273	750.2
HP_0002160	240.4
HP_0012075	296
HP_0002156	240.41
HP_0003223	232.27
HP_0012120	240.24
HP_0002912	240.24
HP_0003658	240.4
HP_0003524	240.4
HP_0012300	775
HP_0007033	750.13
HP_0031882	750.13
HP_0007260	750.13
HP_0001105	374
HP_0003741	339.1
HP_0006888	751.3
HP_0000142	770.5
HP_0006379	785
HP_0008216	794
HP_0009752	758
HP_0006882	344.1
HP_0008986	789.1
HP_0002607	529.3
HP_0000145	770.52
HP_0010741	812
HP_0030010	619.4
HP_0000796	581.3
HP_0040144	240
HP_0007258	326
HP_0008176	251
HP_0100021	341.1
HP_0002574	527
HP_0031028	239.2
HP_0002161	240.6
HP_0002169	325.1
HP_0006846	345
HP_0200119	540.2
HP_0012026	240.54
HP_0003137	240
HP_0008358	240.7
HP_0004540	684.2
HP_0005129	425
HP_0002289	684.11
HP_0001096	367.3
HP_0020123	391.4
HP_0008207	211.21
HP_0011108	462.11
HP_0002729	177.2
HP_0011998	204
HP_0005135	418.1
HP_0001960	256.32
HP_0000111	586.4
HP_0008198	208.1
HP_0002199	247.51
HP_0008846	850.3
HP_0003698	325.2
HP_0010502	785.6
HP_0031415	238.4
HP_0004724	585
HP_0000886	787.5
HP_0002652	788
HP_0009733	109.3
HP_0007431	790.1
HP_0007549	790
HP_0003244	771.21
HP_0004469	469.2
HP_0010701	179
HP_0002637	433.3
HP_0011100	765.3
HP_0032220	546.1
HP_0003765	665
HP_0005249	514.2
HP_0001046	251
HP_0011695	430.2
HP_0005235	765.3
HP_0012841	374.3
HP_0012584	773
HP_0005318	704.7
HP_0008716	617
HP_0006334	500
HP_0012050	812.1
HP_0002257	463.1
HP_0011109	462.2
HP_0006511	488.5
HP_0006308	734
HP_0007545	680
HP_0006536	474
HP_0004971	778.5
HP_0007928	385
HP_0025013	719.1
HP_0009020	807
HP_0008967	719
HP_0003457	349.3
HP_0006961	325.11
HP_0003348	241.5
HP_0007010	325.3
HP_0007015	325.3
HP_0031964	823.1
HP_0007183	349.1
HP_0008935	872.12
HP_0002154	240.7
HP_0032988	891.3
HP_0012557	349.12
HP_0011098	894.2
HP_0006527	481.6
HP_0005021	712.6
HP_0006099	712.51
HP_0008390	683
HP_0410051	240
HP_0003344	240.23
HP_0005671	347
HP_0008239	794
HP_0012637	832.9
HP_0001116	753.4
HP_0008035	374.71
HP_0012405	832.7
HP_0007553	680
HP_0030025	756.2
HP_0011664	414
HP_0001870	726.6
HP_0001070	674
HP_0000905	726.6
HP_0005321	758.31
HP_0000625	754.1
HP_0007232	323
HP_0005619	714.1
HP_0007108	337
HP_0008344	240.2
HP_0008278	328.3
HP_0006872	750
HP_0001341	750
HP_0005343	775
HP_0100280	522.11
HP_0100796	603.5
HP_0004860	160.2
HP_0002371	356
HP_0007187	750.13
HP_0012819	410.3
HP_0005374	179
HP_0005360	052.31
HP_0031087	217.1
HP_0006409	785.6
HP_0012119	165.4
HP_0100812	529.6
HP_0005979	256.31
HP_0003145	232.27
HP_0009821	785
HP_0011451	750.11
HP_0002961	179
HP_0000265	393
HP_0005602	674.1
HP_0004798	526
HP_0005484	750.11
HP_0006439	712.61
HP_0030961	753.22
HP_0100693	370
HP_0001405	542.1
HP_0000549	383
HP_0001935	164.1
HP_0006965	345
HP_0004897	256.31
HP_0006980	322.2
HP_0003808	772
HP_0003643	240.4
HP_0010934	250
HP_0003166	240
HP_0000804	585
HP_0003739	324.5
HP_0004808	121.12
HP_0030148	423
HP_0002196	348.2
HP_0009092	734
HP_0000484	387.3
HP_0006989	750.2
HP_0007266	326
HP_0500167	206.2
HP_0032448	516.6
HP_0000250	727.4
HP_0003308	712.6
HP_0005132	410.1
HP_0001685	410.3
HP_0100275	328.3
HP_0410145	232.24
HP_0002350	347.1
HP_0008045	385
HP_0007738	383
HP_0007770	753.8
HP_0001961	780.5
HP_0007277	323.3
HP_0009004	789
HP_0007289	325.1
HP_0005133	425
HP_0020152	712.51
HP_0005072	712.51
HP_0006460	712.5
HP_0006149	712.5
HP_0003731	807.2
HP_0009072	350.3
HP_0010546	719.11
HP_0200101	350.3
HP_0030051	325.2
HP_0002872	488.7
HP_0002882	488.7
HP_0003473	807.2
HP_0003397	807.2
HP_0000597	381.11
HP_0003403	349.3
HP_0012001	349.12
HP_0002121	330.1
HP_0007000	324.5
HP_0011165	331.61
HP_0007334	330.11
HP_0100820	580
HP_0012246	334.41
HP_0008998	789
HP_0004755	416.11
HP_0008279	239
HP_0007335	345
HP_0003327	807.2
HP_0032341	496
HP_0003121	719.92
HP_0003789	340
HP_0003787	340
HP_0008968	719
HP_0006473	785.6
HP_0002230	684.2
HP_0006691	137.51
HP_0011672	137.51
HP_0006689	410.2
HP_0011850	506.3
HP_0025131	681
HP_0100534	367.6
HP_0200035	664
HP_0012490	724.4
HP_0000031	603.5
HP_0008677	580.3
HP_0500093	840.1
HP_0002190	750.4
HP_0000282	812
HP_0010543	383.2
HP_0011977	240
HP_0031500	556.3
HP_0002277	343.5
HP_0200036	681
HP_0005307	446.2
HP_0006554	542.3
HP_0001403	542.2
HP_0006827	323
HP_0002207	495
HP_0006583	542.3
HP_0002524	333.71
HP_0007642	386.6
HP_0006849	750.2
HP_0006818	750.13
HP_0005768	785.12
HP_0008391	683.2
HP_0010298	509.1
HP_0001810	683.2
HP_0005050	712.61
HP_0003066	713.4
HP_0005085	713.4
HP_0006389	713.4
HP_0003434	337
HP_0002403	337
HP_0000199	507
HP_0004826	160.2
HP_0003339	160.2
HP_0000711	308.7
HP_0040309	733.13
HP_0008689	771.11
HP_0005897	726.1
HP_0008090	712.4
HP_0008011	369.1
HP_0001220	719.92
HP_0004499	463.1
HP_0004437	727.4
HP_0008037	753
HP_0003159	832.8
HP_0025324	436.23
HP_0025520	247.53
HP_0008672	585
HP_0004417	436.22
HP_0030507	374
HP_0100758	091
HP_0012407	325.2
HP_0000857	861.1
HP_0001700	404.11
HP_0200022	109.3
HP_0012098	812
HP_0007965	385
HP_0007514	812
HP_0002587	528.2
HP_0006918	326
HP_0011266	755.11
HP_0045073	537.1
HP_0032163	055.1
HP_0200118	232.27
HP_0200143	176
HP_0040087	232.29
HP_0005608	766
HP_0008569	755.11
HP_0000073	774.5
HP_0200128	425
HP_0012542	683
HP_0001953	256.31
HP_0007811	383.1
HP_0008202	209.2
HP_0003799	727
HP_0001934	168
HP_0032313	684.2
HP_0002641	440
HP_0001050	679.22
HP_0001900	821
HP_0001899	821
HP_0001898	821
HP_0005873	785.12
HP_0005766	785
HP_0005817	785.12
HP_0006644	787
HP_0011457	362.4
HP_0032001	832
HP_0005211	765.4
HP_0100578	244.4
HP_0000621	361.1
HP_0006555	542.2
HP_0000051	771.21
HP_0000867	208.22
HP_0012426	380.22
HP_0033026	507
HP_0033027	374
HP_0100817	401.61
HP_0004943	436
HP_0008729	770.6
HP_0004459	390.2
HP_0006446	711
HP_0009759	756.3
HP_0005243	789
HP_0006520	496
HP_0005942	481.46
HP_0011611	778.42
HP_0033208	481
HP_0033186	781.4
HP_0010946	586
HP_0010773	781.41
HP_0030889	765
HP_0031687	423
HP_0030879	495
HP_0003343	161.13
HP_0001345	287
HP_0001996	256.31
HP_0004839	821
HP_0004835	161.1
HP_0007190	328.31
HP_0011950	470
HP_0005198	713.4
HP_0006501	785
HP_0008167	240.3
HP_0002580	532.4
HP_0200116	765.3
HP_0008696	146.4
HP_0005247	789
HP_0008643	108.4
HP_0008660	588
HP_0030502	374.21
HP_0007617	674
HP_0007898	374.31
HP_0008942	719.8
HP_0008683	770.6
HP_0030721	785.2
HP_0007330	751.3
HP_0006355	500
HP_0008753	777
HP_0009094	757
HP_0001029	674.1
HP_0006368	785.2
HP_0002493	323.3
HP_0000329	139.61
HP_0000071	581.3
HP_0009792	144.3
HP_0007285	727.4
HP_0000065	770.6
HP_0000877	202.2
HP_0002833	727.5
HP_0003363	796.1
HP_0007727	369.1
HP_0007165	750
HP_0002579	524
HP_0000996	139.61
HP_0006979	333.4
HP_0007537	672
HP_0005208	529.1
HP_0007083	350.3
HP_0006150	709.13
HP_0007240	325.2
HP_0007221	325.3
HP_0002527	325.2
HP_0003392	807.2
HP_0003393	719.6
HP_0003426	719.6
HP_0003427	807.2
HP_0000720	286
HP_0030890	349.1
HP_0007366	328.3
HP_0006957	325.2
HP_0008755	777.2
HP_0003467	712.63
HP_0012444	328.3
HP_0002977	750.13
HP_0005949	488.7
HP_0007307	328.3
HP_0011335	684.2
HP_0010714	785.12
HP_0008456	712.6
HP_0003422	787
HP_0012870	771.3
HP_0008197	217.1
HP_0006507	785
HP_0100327	840.17
HP_0004717	773
HP_0008952	789
HP_0004977	785
HP_0007413	790.41
HP_0008223	200.1
HP_0012559	200.9
HP_0008237	200.1
HP_0011414	907
HP_0200041	678
HP_0012478	733.61
HP_0001980	160.2
HP_0007818	753.5
HP_0008736	771.23
HP_0005639	712.51
HP_0003231	240.12
HP_0003161	240
HP_0007812	367.21
HP_0006949	337
HP_0001928	168
HP_0003607	240
HP_0010769	660.7
HP_0010173	785
HP_0008363	785
HP_0006502	785
HP_0002436	751.1
HP_0008555	394
HP_0001756	394
HP_0003153	240.4
HP_0003286	240.4
HP_0031258	329.9
HP_0100513	232.5
HP_0200000	727
HP_0007618	247.53
HP_0005177	436
HP_0200122	540.1
HP_0007327	337
HP_0010838	247.1
HP_0002275	325.3
HP_0200032	247.13
HP_0010512	211
HP_0011995	780.42
HP_0002861	103.1
HP_0012056	103.1
HP_0031287	670
HP_0007587	674.22
HP_0008639	772
HP_0008760	308.9
HP_0006721	121.11
HP_0003763	333.63
HP_0040314	770.5
HP_0010819	330.11
HP_0007359	330.12
HP_0006938	351
HP_0012304	778.4
HP_0011090	500.2
HP_0100348	719.92
HP_0100349	719.92
HP_0005709	785.12
HP_0000798	609.2
HP_0012736	890
HP_0011182	349.12
HP_0006794	325.24
HP_0007207	330.11
HP_0005011	785
HP_0011355	678
HP_0002828	719.92
HP_0004987	785
HP_0040042	685
HP_0031692	052.5
HP_0001854	703.11
HP_0000735	892.4
HP_0002595	514.3
HP_0007057	325.3
HP_0012743	236.1
HP_0001905	860.12
HP_0005479	179
HP_0007274	320.11
HP_0011812	351
HP_0002332	893.4
HP_0000723	892
HP_0000732	289
HP_0005376	007.1
HP_0005101	396
HP_0100750	479.6
HP_0030825	384
HP_0008323	385
HP_0030260	771.23
HP_0006951	347.1
HP_0000728	892
HP_0007680	374.71
HP_0001361	383.1
HP_0001583	383.1
HP_0008124	784.1
HP_0007020	323.11
HP_0004421	402
HP_0001963	396
HP_0030186	324.4
HP_0031629	325.2
HP_0002050	603
HP_0008640	771
HP_0002457	325.11
HP_0032283	005.2
HP_0031165	330
HP_0003715	339.1
HP_0007227	750
HP_0012187	245
HP_0000024	601.1
HP_0003095	702.1
HP_0003729	050
HP_0000999	679.5
HP_0001412	540.3
HP_0025179	495
HP_0032342	496
HP_0004305	325.1
HP_0020072	052.4
HP_0005523	120
HP_0032247	052.5
HP_0032204	052.4
HP_0032170	052.32
HP_0007103	349.1
HP_0006695	780.43
HP_0040194	758.4
HP_0000743	350.3
HP_0031931	383.2
HP_0020082	165
HP_0004814	161.1
HP_0007572	674
HP_0031418	236
HP_0005164	413.4
HP_0004696	784.1
HP_0007375	750
HP_0012813	612.3
HP_0002926	200
HP_0100559	710.6
HP_0012408	247.5
HP_0010646	712.63
HP_0004937	438.9
HP_0410005	757
HP_0008499	387.1
HP_0005310	704
HP_0011944	704
HP_0012579	580
HP_0010882	779.11
HP_0008757	472.1
HP_0100022	325
HP_0033075	200.9
HP_0033078	200.9
HP_0011787	200.1
HP_0011682	780.41
HP_0011903	165.5
HP_0006988	750.15
HP_0100842	750.14
HP_0030048	750
HP_0006756	139.3
HP_0012309	249
HP_0007599	674
HP_0012702	529
HP_0008311	326
HP_0008478	714.4
HP_0008445	715.4
HP_0004913	256.31
HP_0003756	340
HP_0005437	089
HP_0010695	371
HP_0008031	371
HP_0006332	500.3
HP_0002427	356.2
HP_0100556	785
HP_0200065	373.2
HP_0008454	714.1
HP_0007939	386.5
HP_0032327	347.1
HP_0007068	750.13
HP_0200053	785
HP_0006381	785
HP_0005302	443.1
HP_0006000	581.3
HP_0008596	396.2
HP_0032169	089
HP_0004844	161.1
HP_0007427	674
HP_0008661	597.1
HP_0011830	507
HP_0007592	685
HP_0012384	463
HP_0007989	374.3
HP_0011532	374.3
HP_0011530	374.1
HP_0007710	376.2
HP_0003318	712.51
HP_0005490	758
HP_0030037	774.5
HP_0007546	674.2
HP_0012890	765.6
HP_0005912	766.1
HP_0009600	719.92
HP_0007185	355.2
HP_0008182	211.2
HP_0002743	050
HP_0008883	850.3
HP_0030991	552.1
HP_0030812	466.4
HP_0200123	540.1
HP_0004787	542.3
HP_0002480	542.3
HP_0031693	052.4
HP_0100827	171.1
HP_0002633	704
HP_0030080	122.23
HP_0100776	465
HP_0100699	676
HP_0007850	374.3
HP_0004529	684.1
HP_0003782	230.22
HP_0003164	209.22
HP_0007109	870.3
HP_0007948	371.1
HP_0007836	369.5
HP_0004373	324.3
HP_0000749	283
HP_0020006	753.4
HP_0005152	414
HP_0012861	772
HP_0007398	674
HP_0001692	416.2
HP_0004887	479.3
HP_0032037	388
HP_0005090	785.6
HP_0002396	719.1
HP_0004886	488.5
HP_0002599	325.11
HP_0006799	347.1
HP_0004925	256.31
HP_0004900	256.31
HP_0012873	771.5
HP_0007984	385
HP_0007667	374.6
HP_0010521	325.2
HP_0004879	488.2
HP_0005184	418.1
HP_0004326	230.4
HP_0009101	757.2
HP_0008416	787
HP_0005580	773.6
HP_0010667	733.12
HP_0011051	500
HP_0011054	500
HP_0200153	500
HP_0000068	775.3
HP_0031853	780
HP_0005745	719.92
HP_0000140	626
HP_0008187	217
HP_0031369	532.2
HP_0011581	778.7
HP_0001660	778.1
HP_0011573	413.3
HP_0009112	789.1
HP_0011507	374.7
HP_0002200	323.3
HP_0007204	349.1
HP_0004931	436.5
HP_0012033	139.5
HP_0008964	719.6
HP_0005086	708
HP_0000317	334.25
HP_0008768	283
HP_0011622	780.41
HP_0010445	780.42
HP_0031665	423.1
HP_0032409	750
HP_0004626	714.3
HP_0030491	373.2
HP_0009055	719.6
HP_0002384	330.12
HP_0002349	330.12
HP_0007623	674
HP_0007831	381.11
HP_0005943	497
HP_0012321	240
HP_0007052	349.1
HP_0011325	758.23
HP_0011327	758.22
HP_0011326	758.22
HP_0003484	807.2
HP_0009129	719.6
HP_0011980	550.1
HP_0004309	416.8
HP_0005033	785
HP_0012051	205
HP_0008020	374.7
HP_0004758	416.12
HP_0006698	438
HP_0012387	469
HP_0001351	349.12
HP_0001340	349.2
HP_0010852	349.12
HP_0001312	349.2
HP_0001326	349.12
HP_0004484	758
HP_0200147	324.2
HP_0002439	328
HP_0002530	324.3
HP_0002544	324.3
HP_0003409	337
HP_0007924	388
HP_0008587	396.2
HP_0006673	424.2
HP_0005311	778.5
HP_0005156	780.52
HP_0006270	795
HP_0005944	777.33
HP_0002627	778.47
HP_0025425	472.4
HP_0004751	416.1
HP_0010872	418.1
HP_0008441	716.3
HP_0000479	374
HP_0006852	807.2
HP_0032388	750
HP_0007987	386.4
HP_0003694	807.2
HP_0005390	089
HP_0040334	463
HP_0008866	890.1
HP_0004889	479.3
HP_0010698	371.3
HP_0007976	371
HP_0032547	375.7
HP_0001231	683
HP_0007610	674
HP_0006844	350.3
HP_0004466	349.2
HP_0007695	384
HP_0007107	326
HP_0007843	374.3
HP_0007917	374.12
HP_0001904	170.1
HP_0002730	177.2
HP_0004916	588.1
HP_0007490	680
HP_0007465	680.2
HP_0008948	719.6
HP_0008997	807.2
HP_0007436	790.2
HP_0002372	349.12
HP_0012759	890
HP_0025584	381
HP_0003614	240.71
HP_0008513	396.1
HP_0007301	894.2
HP_0002546	356.2
HP_0007755	369.54
HP_0004743	581
HP_0005976	256.31
HP_0010296	759.1
HP_0008046	374.3
HP_0010818	330.11
HP_0025267	488.9
HP_0009088	356
HP_0007627	733.1
HP_0007628	733.1
HP_0004737	580.3
HP_0004909	256.32
HP_0005145	404.2
HP_0100546	433.21
HP_0008463	787
HP_0012048	324.3
HP_0012049	472
HP_0031008	324.3
HP_0007889	371.22
HP_0005991	713.4
HP_0002792	496
HP_0007380	138.1
HP_0033190	674.2
HP_0005200	537
HP_0011670	781.4
HP_0004633	714.1
HP_0030499	374.54
HP_0025574	377.4
HP_0008150	823.1
HP_0012188	911.1
HP_0031506	200.9
HP_0031098	200.9
HP_0012108	375.11
HP_0007854	375
HP_0010301	751
HP_0005008	712.61
HP_0001933	168.19
HP_0031886	239.1
HP_0004485	750.11
HP_0008193	217
HP_0200023	604.4
HP_0005404	171.1
HP_0007341	349.1
HP_0006943	322.2
HP_0030050	333.7
HP_0012664	424.2
HP_0008625	396.2
HP_0007834	371
HP_0001995	256.31
HP_0004910	256.31
HP_0025498	247.1
HP_0000070	774.2
HP_0005946	479.3
HP_0009109	486.4
HP_0002346	324.4
HP_0007067	337
HP_0032051	750
HP_0032052	750
HP_0032047	750
HP_0009800	909.1
HP_0031972	808
HP_0006813	330.12
HP_0040310	707
HP_0033188	682.4
HP_0025616	660.6
HP_0011315	758.23
HP_0030041	716.1
HP_0012313	708.9
HP_0005026	785
HP_0000587	380
HP_0200117	460
HP_0008003	383
HP_0003450	337
HP_0011537	780
HP_0010923	371.21
HP_0006394	713.4
HP_0007830	386.6
HP_0004938	443.1
HP_0004968	430
HP_0006727	121.11
HP_0100247	486.41
HP_0006879	328.3
HP_0006937	337.11
HP_0004878	807.2
HP_0007230	349.2
HP_0003760	339.2
HP_0007007	324.2
HP_0031959	324.3
HP_0031655	413.2
HP_0003733	719
HP_0012142	101.8
HP_0012182	149.1
HP_0100242	104
HP_0000855	203
HP_0007429	674.21
HP_0008162	240.5
HP_0011973	807
HP_0007704	383
HP_0100954	750
HP_0030143	529.4
HP_0004924	204.2
HP_0006821	750.13
HP_0100256	328
HP_0410018	391.1
HP_0003365	713.3
HP_0007668	383
HP_0032794	330.1
HP_0020216	330
HP_0007132	328.3
HP_0005353	052
HP_0007650	381.11
HP_0032105	383.2
HP_0007338	383.2
HP_0009016	789
HP_0000619	382.1
HP_0008588	390.5
HP_0200133	751.1
HP_0004823	821
HP_0007944	383.2
HP_0000610	373
HP_0003652	832.2
HP_0012520	347
HP_0010526	891.2
HP_0007792	383.2
HP_0007344	323
HP_0040250	168.4
HP_0012179	324.3
HP_0030214	283
HP_0007064	328.3
HP_0008762	893.6
HP_0001727	431.1
HP_0006850	750
HP_0007193	330.11
HP_0010849	349.12
HP_0030237	807.2
HP_0007548	680
HP_0410255	170.1
HP_0020096	004
HP_0002392	349.12
HP_0008443	787
HP_0007233	337
HP_0030033	785.1
HP_0005336	674.2
HP_0007648	371
HP_0100869	138.1
HP_0006233	708
HP_0006226	708
HP_0000046	771.3
HP_0010999	753.8
HP_0001370	705.1
HP_0007526	674.1
HP_0005681	705.2
HP_0007793	374.7
HP_0003797	719.6
HP_0007332	330.12
HP_0007104	349.2
HP_0007677	374.7
HP_0008205	202.1
HP_0012618	775.4
HP_0033263	169.2
HP_0002722	660.6
HP_0100026	441
HP_0004947	441.1
HP_0033122	418.1
HP_0200138	758.61
HP_0004502	758.61
HP_0009064	244.4
HP_0005968	811
HP_0200073	479.3
HP_0007875	388
HP_0003119	239
HP_0008715	771
HP_0002793	488
HP_0008708	771.2
HP_0008733	771
HP_0025428	486.21
HP_0007220	337
HP_0011936	240.38
HP_0007023	430
HP_0008315	240.38
HP_0007229	347
HP_0410170	328.3
HP_0006962	325.2
HP_0030529	386.41
HP_0001074	138.1
HP_0001062	138
HP_0025492	753
HP_0011502	753.2
HP_0010841	349.12
HP_0012391	350.3
HP_0006834	890
HP_0012642	750.13
HP_0008116	713.4
HP_0004463	349.2
HP_0011285	524.3
HP_0008249	200.2
HP_0040140	324.2
HP_0007039	324.2
HP_0410151	522.61
HP_0004959	438.12
HP_0005182	413.4
HP_0001137	381.31
HP_0010242	785.1
HP_0007166	324.3
HP_0009073	807.2
HP_0005381	006
HP_0007569	668.2
HP_0033060	179
HP_0007054	350.3
HP_0008945	325.24
HP_0012232	418.1
HP_0011123	668
HP_0006870	750.15
HP_0004746	580
HP_0012209	121.23
HP_0008283	205
HP_0006927	750.13
HP_0006930	750
HP_0008005	369.5
HP_0012198	136.41
HP_0012183	136.41
HP_0005430	006
HP_0033058	179
HP_0010239	785.1
HP_0007063	750.13
HP_0012817	414
HP_0004856	164.1
HP_0030423	174.6
HP_0007780	371
HP_0001710	780
HP_0007707	753.21
HP_0007779	753
HP_0030242	440.12
HP_0004936	440.1
HP_0007210	719.6
HP_0006268	174.2
HP_0004819	162
HP_0012282	679.1
HP_0006564	546.3
HP_0005656	784
HP_0030431	139.1
HP_0001579	210
HP_0030147	324.4
HP_0012762	349.1
HP_0008255	861.1
HP_0012271	486
HP_0011838	675.1
HP_0025080	680
HP_0004960	778.51
HP_0005304	781
HP_0005957	488
HP_0011476	396.2
HP_0010650	733.12
HP_0002744	757
HP_0006485	500
HP_0005084	712.61
HP_0006946	320
HP_0005366	004.1
HP_0012152	387.21
HP_0011343	890
HP_0010665	710.21
HP_0012712	396
HP_0004754	416.214
HP_0011274	005
HP_0000504	386
HP_0011169	330.11
HP_0033050	802
HP_0005115	416.1
HP_0012727	438.12
HP_0012266	418.1
HP_0012272	418.1
HP_0006802	323.3
HP_0011136	685
HP_0010851	349.12
HP_0006706	766.2
HP_0008038	363
HP_0011819	757
HP_0004818	161.24
HP_0031846	726.2
HP_0004420	440.2
HP_0004850	440.11
HP_0005521	168.22
HP_0004761	404.2
HP_0012133	162.1
HP_0010774	780.6
HP_0033279	532.1
HP_0012114	106.21
HP_0200063	136.41
HP_0012208	609
HP_0012506	209
HP_0007153	324
HP_0011848	527
HP_0012606	588
HP_0012251	418.1
HP_0002733	177
HP_0200039	660
HP_0007042	349.1
HP_0006892	328.3
HP_0006064	713.4
HP_0012302	321.12
HP_0008573	396.2
HP_0004831	440
HP_0025169	424.1
HP_0002836	775.1
HP_0012410	162.1
HP_0011085	500.2
HP_0007420	168.19
HP_0012250	418.1
HP_0009718	109.3
HP_0010615	135.3
HP_0025196	247.7
HP_0009050	719.6
HP_0009831	336
HP_0025502	236
HP_0000872	200.41
HP_0005659	714.3
HP_0025023	765.8
HP_0002589	765
HP_0011981	550.1
HP_0005525	161.1
HP_0032967	474.12
HP_0030828	488.6
HP_0006510	474
HP_0010458	772.2
HP_0010310	483
HP_0012534	351
HP_0040146	256.31
HP_0004905	232.1
HP_0030127	615
HP_0030323	781
HP_0030281	714.7
HP_0012059	103.1
HP_0031162	512.1
HP_0001646	413.2
HP_0001633	413.1
HP_0005750	719.92
HP_0012322	682
HP_0011132	660.4
HP_0100838	660.6
HP_0011749	209.1
HP_0010452	795
HP_0012020	778.47
HP_0011669	781.4
HP_0012852	542.1
HP_0033196	542
HP_0100279	522.12
HP_0004431	179
HP_0005116	781.6
HP_0005112	438.11
HP_0030891	349.1
HP_0100770	529
HP_0001679	778.4
HP_0007866	374.37
HP_0025097	324.5
HP_0005977	256.32
HP_0033165	-
HP_0011370	660.12
HP_0031292	660.6
HP_0030974	609
HP_0011127	668
HP_0011703	416
HP_0011894	169.2
HP_0006671	416
HP_0007149	719.6
HP_0011883	169.2
HP_0032464	774
HP_0012171	893.6
HP_0007964	374.3
HP_0032003	832
HP_0011275	005.21
HP_0012312	170
HP_0012324	121
HP_0100798	683
HP_0025252	509.2
HP_0025355	374.3
HP_0012594	830
HP_0010553	382
HP_0200071	374.3
HP_0025312	381.81
HP_0007716	109.1
HP_0008366	719.92
HP_0100615	106.3
HP_0031699	084.8
HP_0012595	830
HP_0012687	794
HP_0020036	325.3
HP_0010883	778.43
HP_0410135	666
HP_0010837	247.1
HP_0011423	864.35
HP_0031649	438.14
HP_0001757	396.2
HP_0030904	350.3
HP_0032391	750
HP_0200067	900.1
HP_0410252	170.1
HP_0025526	665
HP_0040187	092.2
HP_0025390	495
HP_0005972	256.31
HP_0030205	349.3
HP_0200068	388
HP_0005692	712.51
HP_0010461	771
HP_0200049	719
HP_0010892	240.2
HP_0500262	792
HP_0100738	293
HP_0008245	200.1
HP_0004764	413.12
HP_0011103	780
HP_0100504	232.22
HP_0045045	240.38
HP_0012844	138
HP_0040137	682.4
HP_0010450	514.1
HP_0200124	084.8
HP_0032347	249
HP_0006094	712.51
HP_0030897	529
HP_0030914	529
HP_0012577	580.3
HP_0031146	512
HP_0030906	350.3
HP_0008954	719.6
HP_0010536	333.12
HP_0010438	780.41
HP_0025643	347.2
HP_0004890	406.1
HP_0006702	438.43
HP_0030882	438.7
HP_0031273	810
HP_0031677	416.1
HP_0011081	500.2
HP_0012476	004.1
HP_0100023	893.6
HP_0031109	954.2
HP_0033207	-
HP_0025475	667
HP_0045042	179
HP_0012578	589.1
HP_0031041	440.1
HP_0031108	807.2
HP_0011734	211.2
HP_0012452	324.8
HP_0031123	526
HP_0025343	168.213
HP_0033260	-
HP_0033261	-
HP_0030351	666
HP_0008401	683
HP_0040009	680
HP_0410323	841
HP_0040148	324.5
HP_0025190	330.11
HP_0032792	330
HP_0012588	580.3
HP_0032118	367.9
HP_0008373	217.1
HP_0040197	347
HP_0032248	089.2
HP_0031691	089.2
HP_0033280	177.2
HP_0010980	239
HP_0100260	785.12
HP_0005550	121.21
HP_0030718	425
HP_0025107	679
HP_0025515	217.1
HP_0025420	487
HP_0032323	805
HP_0012734	205
HP_0004763	416.11
HP_0030515	388
HP_0045028	750.13
HP_0020045	381.3
HP_0012724	362.7
HP_0030318	508
HP_0011951	478
HP_0031358	355.3
HP_0025175	777.31
HP_0040195	750.11
HP_0008653	580
HP_0009725	108.5
HP_0025403	350.4
HP_0030746	880
HP_0031179	719.1
HP_0025258	324.34
HP_0012650	750.13
HP_0020122	821
HP_0010544	383.1
HP_0012430	349.1
HP_0000794	580
HP_0031947	324.4
HP_0032024	522.7
HP_0012122	367.5
HP_0030853	780
HP_0004762	780.51
HP_0031166	334.25
HP_0012389	807.2
HP_0007069	345
HP_0010844	349.12
HP_0025321	247.1
HP_0031188	812
HP_0012412	217.2
HP_0031688	162.1
HP_0010954	780.51
HP_0100333	757.2
HP_0007350	350.3
HP_0011193	349.12
HP_0100248	324.9
HP_0100786	333.3
HP_0410263	349.1
HP_0031540	580.3
HP_0031790	387.3
HP_0025573	387.2
HP_0004059	785
HP_0100867	765.3
HP_0030915	346.6
HP_0011539	796.1
HP_0011579	780.43
HP_0011946	474
HP_0011856	893.81
HP_0045014	242.1
HP_0010862	891.3
HP_0007387	685
HP_0007270	330.1
HP_0033001	135.6
HP_0009126	236.2
HP_0030483	385
HP_0030786	386
HP_0031664	423.1
HP_0012795	380.2
HP_0012683	229
HP_0005781	719.92
HP_0430028	733.13
HP_0010477	775
HP_0100682	777.2
HP_0025406	807.2
HP_0011150	330.11
HP_0025232	721.5
HP_0011170	330.11
HP_0100336	757.2
HP_0012076	296.4
HP_0005263	522.9
HP_0005202	008
HP_0010863	891.1
HP_0100832	376.2
HP_0025268	891.1
HP_0025085	529.1
HP_0033351	-
HP_0033256	522.12
HP_0020114	056
HP_0550004	056.1
HP_0030732	413.3
HP_0011626	781.41
HP_0010479	775.4
HP_0012190	122.24
HP_0008244	794
HP_0004791	513.1
HP_0011084	500.2
HP_0032192	901.2
HP_0032325	431.1
HP_0011225	754.1
HP_0030039	714.7
HP_0005696	785.12
HP_0025336	891.3
HP_0012799	334.2
HP_0032786	330.12
HP_0011369	790
HP_0011623	780.41
HP_0031507	200.9
HP_0011320	758.23
HP_0012815	770
HP_0009062	872.12
HP_0012585	586.5
HP_0025404	383
HP_0011149	330.1
HP_0010850	349.12
HP_0031139	350.4
HP_0025517	750.13
HP_0100515	594.4
HP_0030505	374.71
HP_0031348	778.2
HP_0011913	684.2
HP_0001118	371
HP_0007715	365.5
HP_0100380	785
HP_0010432	785
HP_0012434	891
HP_0032390	750
HP_0031245	801
HP_0010953	344.12
HP_0032660	330.1
HP_0040196	750.11
HP_0012104	328.3
HP_0033044	-
HP_0011726	853.6
HP_0011590	778.4
HP_0005134	779.11
HP_0011706	416.41
HP_0011648	778.3
HP_0033087	805
HP_0030716	750.12
HP_0011102	765.3
HP_0012623	583
HP_0025041	347
HP_0010958	773.11
HP_0011638	778
HP_0011110	466
HP_0012751	349.1
HP_0012477	494
HP_0007687	361.3
HP_0032411	750
HP_0031589	284.1
HP_0030222	894
HP_0012109	375.12
HP_0031717	381.41
HP_0011153	330.12
HP_0040318	832
HP_0008959	807.2
HP_0009274	719.92
HP_0100719	753.4
HP_0020221	330
HP_0025335	891.3
HP_0010532	394.21
HP_0012390	530.1
HP_0032252	688
HP_0100814	138.2
HP_0030473	385
HP_0033149	-
HP_0005787	787
HP_0025188	374.34
HP_0020083	660.4
HP_0003460	179
HP_0033004	056
HP_0033005	056.1
HP_0032132	179.6
HP_0030586	386.5
HP_0031813	522.63
HP_0032021	542
HP_0010848	349.12
HP_0031535	349.12
HP_0025610	360.4
HP_0033194	662
HP_0031291	790.1
HP_0010516	220.1
HP_0030973	807
HP_0025075	418.1
HP_0032005	324.3
HP_0025162	893
HP_0025405	383
HP_0012052	232.4
HP_0012053	232.4
HP_0004488	758
HP_0032471	750.13
HP_0010830	351
HP_0100743	101.42
HP_0031038	609
HP_0010875	350.3
