hpo_code	phecode1.2_code
HP_0001374	755.61
HP_0001762	755.1
HP_0002023	750.21
HP_0010957	751.2
HP_0000072	586.4
HP_0005199	756.1
HP_0004392	756.1
HP_0010481	751.2
HP_0000767	756.21
HP_0000217	527.7
HP_0000766	756.2
HP_0001627	747.1
HP_0000768	756.22
HP_0001643	747.13
HP_0000028	751.12
HP_0000126	595
HP_0000951	691
HP_0001650	394.1
HP_0001770	755.3
HP_0001156	755.3
HP_0001596	704.1
HP_0001250	345
HP_0001252	772.3
HP_0030011	751.11
HP_0004383	747.12
HP_0001290	772.3
HP_0002084	752.1
HP_0001629	747.11
HP_0002539	752.2
HP_0001647	747.12
HP_0006970	656
HP_0002119	348.9
HP_0001302	752.2
HP_0007589	757
HP_0002558	612.3
HP_0001642	395.4
HP_0004415	747.13
HP_0001249	315.3
HP_0000252	752.2
HP_0000175	749.1
HP_0002079	752.2
HP_0001362	749.2
HP_0001263	315
HP_0002092	415.2
HP_0007590	757
HP_0001636	747.11
HP_0000965	782.6
HP_0000822	401
HP_0000568	753
HP_0000565	378.1
HP_0001631	747.11
HP_0002126	752.2
HP_0000204	749.1
HP_0005733	720
HP_0008947	772.3
HP_0001355	752.2
HP_0001377	741.2
HP_0002761	728.2
HP_0002781	519.8
HP_0001270	315
HP_0003093	741.2
HP_0004060	736.1
HP_0002938	737.2
HP_0002979	736.4
HP_0000238	331.1
HP_0008414	737.1
HP_0002512	348.2
HP_0002970	736.4
HP_0000403	381.1
HP_0000405	389.2
HP_0008921	264.1
HP_0007935	366.1
HP_0000365	389
HP_0002321	386.2
HP_0000360	389.4
HP_0001251	334.1
HP_0100014	362.26
HP_0009590	225.1
HP_0009593	225.1
HP_0009592	191.11
HP_0009595	199.4
HP_0000957	694.2
HP_0100019	366
HP_0002858	225.1
HP_0009830	356
HP_0009589	225.1
HP_0002315	339
HP_0002888	191.11
HP_0009737	379.5
HP_0001177	755.3
HP_0000244	749.2
HP_0000486	378
HP_0000684	520.2
HP_0004487	749.2
HP_0002021	537
HP_0004440	749.2
HP_0000316	376
HP_0004635	754
HP_0000453	749
HP_0000452	749
HP_0002032	750.11
HP_0003041	756.5
HP_0010554	755.3
HP_0001061	706.1
HP_0000689	524.3
HP_0002623	747.1
HP_0004468	748
HP_0001274	752.2
HP_0100702	348.4
HP_0005048	756.5
HP_0001162	755.3
HP_0004397	750.2
HP_0007291	348.4
HP_0000389	381.1
HP_0000303	526.3
HP_0000148	751.11
HP_0002342	315.3
HP_0004322	264.1
HP_0004443	749.2
HP_0000557	753
HP_0002974	755.4
HP_0003002	174
HP_0000327	526.3
HP_0004209	755.3
HP_0000248	749.2
HP_0000263	749.2
HP_0010104	755.1
HP_0008551	749
HP_0001822	735.3
HP_0030680	747
HP_0002678	749.2
HP_0009968	755.3
HP_0000508	374.3
HP_0009951	755.3
HP_0001159	755.3
HP_0001357	749
HP_0002780	748
HP_0003070	741.1
HP_0000678	524.3
HP_0000218	750.13
HP_0002676	749.2
HP_0005347	748
HP_0006101	755.3
HP_0001530	264.2
HP_0000122	751.22
HP_0011342	315
HP_0000995	216
HP_0003165	252
HP_0004490	733
HP_0003083	830
HP_0002905	275.53
HP_0000648	377.1
HP_0000858	626.1
HP_0008873	264.1
HP_0003528	246
HP_0000851	244.5
HP_0000135	257.1
HP_0002650	737.3
HP_0010655	756.5
HP_0000668	520.1
HP_0002925	246.7
HP_0003416	720
HP_0005756	756.5
HP_0200016	691
HP_0025092	701.2
HP_0100792	702
HP_0000962	701.1
HP_0002893	227.3
HP_0000870	253.4
HP_0040278	253.1
HP_0011760	227.3
HP_0001712	416
HP_0100829	612.1
HP_0001638	425
HP_0000845	253.11
HP_0006767	227.3
HP_0003510	264.1
HP_0010579	755.3
HP_0001609	473.4
HP_0002857	736.4
HP_0001007	704.2
HP_0001842	733
HP_0002751	737.3
HP_0001388	728.2
HP_0006180	755.3
HP_0001537	550.4
HP_0000047	751.12
HP_0001671	747.11
HP_0000023	550.1
HP_0000939	743.1
HP_0001508	264.2
HP_0000938	743
HP_0002953	805
HP_0002756	743.2
HP_0006480	525.1
HP_0008462	742.9
HP_0000506	374
HP_0000107	586.2
HP_0002645	749.2
HP_0000347	526.3
HP_0001799	703
HP_0002566	750.21
HP_0005359	759.1
HP_0003212	288
HP_0001890	283.1
HP_0002240	573.3
HP_0002718	041
HP_0001888	288.1
HP_0012191	202.2
HP_0001967	580.4
HP_0001744	579.2
HP_0002014	561.1
HP_0002850	279.11
HP_0001880	288.3
HP_0002099	495
HP_0004430	279.1
HP_0005365	288.1
HP_0002090	480
HP_0010976	288.1
HP_0000907	756.2
HP_0000926	754
HP_0004429	079
HP_0000246	475
HP_0001973	287.31
HP_0008348	279.1
HP_0002841	117
HP_0002720	279.11
HP_0002540	741.3
HP_0001272	334.1
HP_0002066	334.1
HP_0000639	378.2
HP_0000718	312
HP_0000717	313.3
HP_0000752	313.1
HP_0001348	350.5
HP_0000154	749
HP_0002179	350.1
HP_0003202	772.1
HP_0002059	331
HP_0000750	315.2
HP_0011344	315
HP_0001257	350.1
HP_0001510	264
HP_0001336	333.2
HP_0002561	612.3
HP_0001171	755.3
HP_0000958	706.8
HP_0000579	375
HP_0002557	612.3
HP_0006357	525.1
HP_0006610	755.3
HP_0000677	520.1
HP_0000992	938
HP_0004334	701
HP_0003187	612
HP_0000691	520.1
HP_0002293	704.1
HP_0000968	691
HP_0000509	369.5
HP_0001839	755.1
HP_0000964	939
HP_0007455	691
HP_0000202	749.1
HP_0001100	379.51
HP_0008619	389.1
HP_0007894	362.7
HP_0007513	694
HP_0008527	389.1
HP_0003472	350.1
HP_0100543	292.2
HP_0000518	366
HP_0006297	520.1
HP_0000852	275.5
HP_0002135	348.9
HP_0000821	244
HP_0006960	348.9
HP_0001513	278.1
HP_0000859	255.12
HP_0008221	255.3
HP_0000840	255.3
HP_0032152	701.1
HP_0000982	691
HP_0001820	703
HP_0000121	275.5
HP_0000099	580.1
HP_0003774	585.3
HP_0000123	580
HP_0000100	580
HP_0001134	366
HP_0000083	585.2
HP_0000790	593
HP_0001142	753.1
HP_0000093	269
HP_0000407	389.1
HP_0000545	367.1
HP_0002148	275.53
HP_0002069	345.1
HP_0200072	344
HP_0001266	333.3
HP_0001332	333.4
HP_0012194	342
HP_0001268	292.4
HP_0002445	344
HP_0001300	332
HP_0000726	290.1
HP_0002185	290.12
HP_0002511	290.11
HP_0000705	520.1
HP_0000679	520.1
HP_0006311	520.1
HP_0030843	270.33
HP_0001283	334.2
HP_0001271	356
HP_0012332	337
HP_0000973	701
HP_0001149	364.5
HP_0003216	270.33
HP_0001342	430.2
HP_0001297	433.21
HP_0002170	430
HP_0001396	575.2
HP_0000112	580
HP_0000969	782.3
HP_0000988	687.1
HP_0003477	356
HP_0000020	599.4
HP_0010550	344
HP_0007841	379.2
HP_0001269	342
HP_0001324	772.3
HP_0002019	563
HP_0001265	350.5
HP_0001640	416
HP_0001260	292.1
HP_0011034	270.33
HP_0012185	351
HP_0004926	458.1
HP_0000505	367.9
HP_0002922	346.3
HP_0000802	605
HP_0001337	333.1
HP_0100725	695.7
HP_0040189	939
HP_0000989	698
HP_0001291	352
HP_0002015	532
HP_0002398	334.2
HP_0003394	771.2
HP_0002380	350.1
HP_0010535	327.3
HP_0007024	334.2
HP_0007354	334.21
HP_0001347	350.5
HP_0002314	334
HP_0003470	344
HP_0007308	333
HP_0002442	315.1
HP_0002145	290.12
HP_0002186	292.12
HP_0002385	344
HP_0002273	344
HP_0002171	349
HP_0000738	292.6
HP_0000716	296.2
HP_0000605	378
HP_0002529	331
HP_0000746	295.2
HP_0010972	284
HP_0001972	281.9
HP_0000952	573.5
HP_0004810	656.5
HP_0001894	289
HP_0000089	586.11
HP_0010446	395.3
HP_0000878	756.2
HP_0009944	755.3
HP_0000278	526.3
HP_0003003	153.2
HP_0002669	170
HP_0009777	755.4
HP_0008007	753
HP_0002863	200
HP_0002984	755.4
HP_0001199	755.3
HP_0000980	782.6
HP_0001680	747.13
HP_0001635	428.1
HP_0000465	749
HP_0001873	287.3
HP_0001875	288.11
HP_0002960	279.2
HP_0005225	579
HP_0002013	789
HP_0011855	479
HP_0010783	695
HP_0012027	473
HP_0100665	946
HP_0040078	356
HP_0002027	785
HP_0007759	364.1
HP_0000609	377.3
HP_0000526	753
HP_0000501	365
HP_0001952	250.4
HP_0001795	703
HP_0001592	520.1
HP_0000953	694.2
HP_0000498	371.3
HP_0000413	749
HP_0000698	520.1
HP_0000054	751.12
HP_0000970	705
HP_0002232	704.1
HP_0004691	755.3
HP_0031088	624.2
HP_0009755	333.4
HP_0008404	703
HP_0000564	375
HP_0000687	524.3
HP_0001798	703
HP_0007906	365
HP_0000482	753
HP_0000659	753
HP_0001115	366
HP_0007700	753
HP_0002025	565
HP_0000143	617
HP_0004467	749
HP_0000384	749
HP_0010709	755.3
HP_0002020	530.11
HP_0010331	755.3
HP_0006097	755.3
HP_0009921	378
HP_0001864	755.3
HP_0000110	751.21
HP_0000076	586.12
HP_0001440	756.5
HP_0009779	755.3
HP_0000048	751.12
HP_0000400	749
HP_0000003	586.2
HP_0000567	753.2
HP_0002247	750.21
HP_0011663	425
HP_0004308	427
HP_0001645	427.42
HP_0003273	739
HP_0001193	736.1
HP_0001848	755.1
HP_0009742	741.2
HP_0001845	755.3
HP_0000211	350.1
HP_0003184	741.2
HP_0001181	755.3
HP_0010557	755.3
HP_0012385	755.3
HP_0006380	739
HP_0001838	755.1
HP_0009473	739
HP_0002804	756
HP_0002987	739
HP_0000483	367.2
HP_0000563	364.41
HP_0000540	367.8
HP_0003199	772.1
HP_0000581	374
HP_0006251	741.2
HP_0001547	756.2
HP_0030084	755.3
HP_0000512	346
HP_0007703	362.7
HP_0000490	376
HP_0002091	510
HP_0000602	378.5
HP_0001119	753
HP_0005879	755.3
HP_0001776	755.1
HP_0000541	361
HP_0010891	732.1
HP_0031153	379.2
HP_0000618	367.9
HP_0002758	740
HP_0002655	756
HP_0000176	749.1
HP_0003302	738.4
HP_0003040	716
HP_0001519	253.11
HP_0002808	737.1
HP_0000201	749.2
HP_0001634	395.1
HP_0003401	687.4
HP_0000640	378.2
HP_0001751	386
HP_0000651	368.2
HP_0002486	359.1
HP_0002076	340
HP_0002131	334.1
HP_0001152	378.2
HP_0002073	334.1
HP_0010545	378.2
HP_0006855	334.1
HP_0008969	770
HP_0002354	292.3
HP_0002497	334.1
HP_0000496	378
HP_0001288	350.2
HP_0001761	755.1
HP_0000514	378.2
HP_0001258	334.1
HP_0002982	736.4
HP_0001602	473
HP_0002990	755.6
HP_0003042	830
HP_0002949	754
HP_0001217	781
HP_0002986	755.4
HP_0000520	242.3
HP_0006495	755.4
HP_0004592	754
HP_0003417	754
HP_0004976	830
HP_0002947	737.1
HP_0006200	755.3
HP_0001852	755.3
HP_0001706	425.1
HP_0025478	426.25
HP_0011705	426.21
HP_0200127	425
HP_0005155	427.6
HP_0006699	427
HP_0004757	427.21
HP_0001682	747.11
HP_0001684	747.11
HP_0005110	427.21
HP_0004935	747.12
HP_0012248	426.21
HP_0007950	363.4
HP_0002067	350.1
HP_0001151	378.2
HP_0003693	772.1
HP_0030454	346
HP_0002063	772.2
HP_0002839	596.5
HP_0007089	350.1
HP_0002078	334.1
HP_0003487	350.5
HP_0002495	687.4
HP_0002198	348.9
HP_0002172	781.2
HP_0002070	334.1
HP_0002071	333
HP_0012532	338.2
HP_0000623	333.8
HP_0000641	378.2
HP_0002503	334.1
HP_0003438	350.5
HP_0000544	378.5
HP_0001056	706.2
HP_0010609	701
HP_0010442	755.3
HP_0010603	213
HP_0002937	754
HP_0000912	755.4
HP_0002414	752.11
HP_0001144	376
HP_0000892	756.2
HP_0009729	212
HP_0002671	172.21
HP_0005462	348.9
HP_0002948	754
HP_0009730	212
HP_0005815	756.2
HP_0000612	753
HP_0000256	749.2
HP_0025318	184.11
HP_0010618	220
HP_0002885	191.11
HP_0001719	747.11
HP_0001718	394.2
HP_0011560	394.1
HP_0008209	627.5
HP_0000013	751.11
HP_0000141	626.11
HP_0008222	626.8
HP_0005472	749.2
HP_0002757	743.2
HP_0001334	331.1
HP_0005686	756.5
HP_0003198	359.2
HP_0007819	366.1
HP_0005010	710.1
HP_0003084	800
HP_0003690	772.3
HP_0100244	170.2
HP_0000978	287.1
HP_0003701	772.3
HP_0003325	772.3
HP_0003974	755.4
HP_0005194	755.1
HP_0010194	755.3
HP_0009462	755.3
HP_0009467	755.3
HP_0009279	755.3
HP_0009843	755.3
HP_0001204	755.3
HP_0009182	755.3
HP_0009161	755.3
HP_0008096	755.3
HP_0009575	755.3
HP_0009464	736.1
HP_0009568	755.3
HP_0005831	755.3
HP_0001804	703
HP_0010185	755.3
HP_0002944	737.3
HP_0000696	520.2
HP_0009835	755.3
HP_0001772	755.1
HP_0009463	736.1
HP_0009587	755.3
HP_0009523	755.3
HP_0011929	755.3
HP_0003067	755.4
HP_0009331	755.3
HP_0009456	755.3
HP_0009356	755.3
HP_0009436	755.3
HP_0009534	755.3
HP_0006206	755.3
HP_0008848	264.1
HP_0005863	755.3
HP_0001571	520.2
HP_0001552	756.2
HP_0002176	334
HP_0009466	755.3
HP_0008922	264.1
HP_0008606	756.2
HP_0000164	524
HP_0001256	315.3
HP_0001057	757
HP_0000480	753.2
HP_0003307	737.2
HP_0008897	264.2
HP_0009623	755.3
HP_0002335	752.2
HP_0010517	759.1
HP_0000528	753
HP_0001611	473.4
HP_0010628	352.2
HP_0004785	750.21
HP_0025247	706.2
HP_0004464	381.3
HP_0000987	701.2
HP_0000268	749
HP_0000104	751.22
HP_0100274	375.2
HP_0000799	586
HP_0000113	751.21
HP_0000410	389
HP_0004712	751.22
HP_0000632	375
HP_0007925	375
HP_0011094	524.3
HP_0009795	749
HP_0009797	385.3
HP_0009796	749
HP_0009798	240
HP_0007678	375
HP_0000402	380
HP_0001595	704
HP_0000613	368.9
HP_0007663	368
HP_0008066	695.2
HP_0007475	691.1
HP_0001019	695.9
HP_0000972	701.1
HP_0011711	426.32
HP_0002094	512.7
HP_0011712	426.31
HP_0005172	426.32
HP_0005170	426
HP_0001279	788
HP_0001699	427.42
HP_0001945	783
HP_0003038	755.6
HP_0002980	736.4
HP_0005257	756.2
HP_0006390	736.4
HP_0002098	512.9
HP_0002827	830
HP_0000883	756.2
HP_0002104	513.31
HP_0002786	479
HP_0100490	755.3
HP_0001836	755.3
HP_0006716	153
HP_0002891	182
HP_0005584	189.1
HP_0006740	189.2
HP_0006753	151
HP_0001054	217.1
HP_0010807	524.3
HP_0004482	749.2
HP_0001093	377
HP_0001048	228
HP_0001187	728.2
HP_0000529	367.9
HP_0001276	772.2
HP_0002120	331
HP_0100703	350.1
HP_0100704	377
HP_0000657	378
HP_0008872	656.3
HP_0000975	705.8
HP_0001003	694.2
HP_0001047	939
HP_0011471	656.3
HP_0007370	752.2
HP_0008064	691.1
HP_0001639	425
HP_0007333	752.2
HP_0002967	736.1
HP_0001663	427.41
HP_0001541	572
HP_0001695	427.42
HP_0005144	425.11
HP_0011713	426.32
HP_0100598	503
HP_0100749	418
HP_0001714	416
HP_0001698	420.2
HP_0002326	433.31
HP_0001678	426.2
HP_0004749	427.22
HP_0001644	425
HP_0031295	416
HP_0001723	425
HP_0002664	195
HP_0006824	352
HP_0002331	340
HP_0006737	227.1
HP_0006748	227.1
HP_0008629	389.4
HP_0002640	401
HP_0003001	199
HP_0100723	199
HP_0001649	427.7
HP_0030074	194
HP_0001962	427.9
HP_0000740	300.1
HP_0002668	194
HP_0003006	194
HP_0002864	199
HP_0012276	727.1
HP_0008326	261.2
HP_0100018	366.1
HP_0010693	753.1
HP_0000519	753.1
HP_0007787	366
HP_0007657	366.1
HP_0001139	363.4
HP_0007971	753.1
HP_0010920	366
HP_0007797	362.4
HP_0002514	348.9
HP_0000230	523.1
HP_0001058	875
HP_0005224	565
HP_0005420	038.1
HP_0000704	523.3
HP_0007499	041.1
HP_0200042	707
HP_0001974	288.2
HP_0002754	710.1
HP_0002047	783
HP_0001763	735.1
HP_0003324	772.3
HP_0001319	656
HP_0003798	359.1
HP_0007979	378.2
HP_0000709	295.3
HP_0011970	270.33
HP_0002080	333.1
HP_0002136	350.2
HP_0001310	350.3
HP_0002470	334.1
HP_0002075	350.3
HP_0002280	348.9
HP_0000098	253.11
HP_0002474	315.2
HP_0002370	350.3
HP_0000708	312
HP_0006288	520.2
HP_0001338	752.2
HP_0002667	189.11
HP_0000388	381.1
HP_0001591	756.2
HP_0000086	751.22
HP_0000185	749.1
HP_0000162	529
HP_0000085	751.22
HP_0006593	754
HP_0001545	750.2
HP_0004695	756.5
HP_0002132	348.4
HP_0002643	661
HP_0005988	723.1
HP_0005640	754
HP_0004602	754
HP_0003431	346
HP_0003376	350.2
HP_0001178	736.1
HP_0002460	359.1
HP_0012074	379.4
HP_0002936	687.4
HP_0003449	771.2
HP_0001765	735.21
HP_0001284	350.5
HP_0003380	357
HP_0011096	357
HP_0003378	356
HP_0003384	349
HP_0003481	357
HP_0001884	755.1
HP_0001133	368.4
HP_0004379	573.9
HP_0030793	526.5
HP_0033176	289.4
HP_0200057	377.3
HP_0200056	363.3
HP_0001138	377.3
HP_0001492	753
HP_0000081	751.22
HP_0001328	315.1
HP_0008659	751.21
HP_0001920	440.1
HP_0001402	155
HP_0002155	272.12
HP_0003124	272.11
HP_0000097	580.12
HP_0001738	577
HP_0004969	747.13
HP_0000585	364.4
HP_0001399	573
HP_0001394	571.51
HP_0000580	362.7
HP_0001947	588
HP_0004617	754
HP_0002910	573.6
HP_0006579	656.8
HP_0000533	363.4
HP_0002895	193
HP_0003022	755.4
HP_0000627	753
HP_0005017	274.21
HP_0000739	300.1
HP_0002072	333.3
HP_0000473	723.1
HP_0002411	358
HP_0002268	333
HP_0007098	333.3
HP_0008726	751.11
HP_0003298	752.1
HP_0000059	751.11
HP_0009758	691
HP_0012725	755.3
HP_0045005	752.1
HP_0007651	374.1
HP_0009743	749
HP_0005259	756.2
HP_0003396	334
HP_0000680	520.2
HP_0002812	736.3
HP_0002659	809
HP_0003304	738.4
HP_0000891	754
HP_0011001	743.9
HP_0011069	520.1
HP_0025143	780
HP_0001025	947
HP_0012378	798
HP_0011227	790.8
HP_0002829	745
HP_0001917	270.33
HP_0032154	528.12
HP_0001954	783
HP_0000554	371.1
HP_0003326	770
HP_0001369	716
HP_0025514	377
HP_0011509	362
HP_0012019	753.1
HP_0000608	362.2
HP_0000787	594.1
HP_0000588	377
HP_0000589	753
HP_0007737	362.7
HP_0000662	368
HP_0000551	368.5
HP_0012508	368.9
HP_0007994	368.4
HP_0000548	362.7
HP_0000603	368.4
HP_0007722	362.7
HP_0030799	749.2
HP_0008453	737.3
HP_0009465	736.1
HP_0002616	442.1
HP_0002999	830
HP_0001840	755.1
HP_0009901	749
HP_0010499	830
HP_0001083	753.1
HP_0001653	394.2
HP_0002266	345.1
HP_0002373	345.3
HP_0011999	295.2
HP_0100785	327.4
HP_0003489	356
HP_0001289	290.2
HP_0002203	509.1
HP_0000495	364.4
HP_0007690	364.5
HP_0001131	364.5
HP_0007802	364.5
HP_0007827	364.5
HP_0007809	364.5
HP_0009926	375.2
HP_0001089	379.5
HP_0007957	364.1
HP_0007915	364.5
HP_0009918	379.5
HP_0031159	364
HP_0011483	379.5
HP_0025358	374.1
HP_0007856	364.1
HP_0012531	338
HP_0200020	364.4
HP_0002983	755
HP_0002036	750.15
HP_0000050	751.12
HP_0001180	755.3
HP_0012210	751.2
HP_0000776	756.1
HP_0009829	755
HP_0100716	300
HP_0003521	264.1
HP_0000913	756.2
HP_0003419	760
HP_0000921	756.2
HP_0003316	754
HP_0003155	573.9
HP_0001349	352
HP_0002516	377
HP_0001085	377
HP_0005464	756.5
HP_0004493	733
HP_0000900	756.2
HP_0009487	736.1
HP_0000692	524.3
HP_0005450	756.5
HP_0000925	754
HP_0001742	479
HP_0001363	749.2
HP_0000262	749.2
HP_0008080	735.2
HP_0003236	573.9
HP_0003750	798
HP_0003560	359.1
HP_0009071	359.2
HP_0003737	359.2
HP_0003710	771.2
HP_0003458	359.2
HP_0002381	292.11
HP_0000737	1004
HP_0007076	333
HP_0000751	290.3
HP_0004442	749.2
HP_0100621	184.11
HP_0004439	749.2
HP_0000491	370
HP_0001126	753
HP_0002097	496.1
HP_0001659	395.2
HP_0000956	701.6
HP_0004450	749
HP_0001410	573.7
HP_0003256	286
HP_0001970	580.32
HP_0000712	1004
HP_0001943	251.1
HP_0000510	362.7
HP_0001942	276.41
HP_0003128	276.41
HP_0003546	798
HP_0002353	346.2
HP_0003201	772.4
HP_0002151	573.6
HP_0030151	575.1
HP_0001414	571.5
HP_0006789	323
HP_0001034	694.2
HP_0011801	293.1
HP_0100753	295.1
HP_0008410	703
HP_0007302	296.1
HP_0007529	691
HP_0008542	389
HP_0001730	389
HP_0000552	368.5
HP_0000650	346
HP_0000408	389.1
HP_0000576	368.4
HP_0000642	368.5
HP_0000666	378.2
HP_0000572	367.9
HP_0002352	324
HP_0000649	346
HP_0002619	454
HP_0007123	290.1
HP_0007236	433.21
HP_0007634	377.3
HP_0006352	520.2
HP_0006335	520.2
HP_0007256	333
HP_0006350	522.1
HP_0006482	520
HP_0011060	520.1
HP_0000694	520.1
HP_0009102	524.3
HP_0000703	520.1
HP_0007550	705
HP_0007588	694.2
HP_0000966	705
HP_0012788	528
HP_0001041	695
HP_0031284	782.6
HP_0011971	947
HP_0000863	253.3
HP_0000021	751.2
HP_0009806	588
HP_0001959	276.8
HP_0001955	783
HP_0003228	276.11
HP_0000103	599.5
HP_0001986	276.11
HP_0000670	521.1
HP_0007937	362.6
HP_0000556	362.7
HP_0001476	749.2
HP_0000829	252.2
HP_0001903	285
HP_0008285	275.53
HP_0007862	362.4
HP_0002901	275.51
HP_0005528	284
HP_0006515	504.1
HP_0001321	752.2
HP_0006739	172.22
HP_0001915	284
HP_0002206	504.1
HP_0002745	528.6
HP_0002367	292.6
HP_0100315	290.12
HP_0007159	291.8
HP_0002356	333.4
HP_0001304	333.4
HP_0002533	781.2
HP_0000643	333.4
HP_0001618	473.4
HP_0002451	333
HP_0007325	333
HP_0002310	333.4
HP_0002174	333.1
HP_0002548	332
HP_0002300	292.11
HP_0002317	350.2
HP_0010621	755.3
HP_0000220	750.13
HP_0002287	704.1
HP_0001092	375
HP_0007500	705
HP_0200141	520.2
HP_0002235	757
HP_0007476	691
HP_0002164	757
HP_0000674	520.1
HP_0007418	704.1
HP_0001806	703
HP_0001760	755.1
HP_0001030	689
HP_0001073	701.2
HP_0001373	742.2
HP_0010500	728.2
HP_0006316	524.3
HP_0001382	728.2
HP_0005222	562.1
HP_0000592	753
HP_0000394	749
HP_0005100	636.2
HP_0025014	687.2
HP_0010485	728.2
HP_0100790	550
HP_0100645	618.1
HP_0005267	636.2
HP_0031157	447
HP_0002108	506
HP_0002105	516.1
HP_0000139	618.2
HP_0030009	636.8
HP_0100718	635
HP_0006201	728.2
HP_0004944	433.5
HP_0003088	740
HP_0001075	701.2
HP_0002194	315
HP_0008780	755.61
HP_0032153	830
HP_0001623	652
HP_0003502	264.1
HP_0001371	739
HP_0002816	755.6
HP_0002673	736.3
HP_0007469	691
HP_0006243	830
HP_0006487	736
HP_0030816	523.1
HP_0031368	569
HP_0002719	041
HP_0000225	523
HP_0004445	282.9
HP_0003265	277.4
HP_0001878	283
HP_0001923	790
HP_0002884	155
HP_0001052	217.1
HP_0001305	752.2
HP_0006277	251.1
HP_0000158	750.13
HP_0001540	728
HP_0000150	187.8
HP_0008186	255
HP_0000803	586.2
HP_0001998	656.3
HP_0001539	756.1
HP_0006744	194
HP_0000105	751.22
HP_0002435	752.11
HP_0002691	749.2
HP_0004398	531
HP_0002044	251.8
HP_0001031	214.1
HP_0100570	209
HP_0003072	275.6
HP_0030404	211
HP_0100633	530.1
HP_0008261	211
HP_0012197	211
HP_0008256	227.1
HP_0003118	259.1
HP_0007449	694
HP_0002897	227.2
HP_0001293	352
HP_0009763	773
HP_0002515	350.2
HP_0003388	798
HP_0007807	377.3
HP_0004396	260.6
HP_0012514	773
HP_0000823	259.3
HP_0006782	289
HP_0005547	200
HP_0200097	528
HP_0007446	695.2
HP_0012221	695.2
HP_0007494	694
HP_0007530	691
HP_0007438	694
HP_0007383	691
HP_0005743	733.4
HP_0001387	741.2
HP_0002656	756
HP_0008800	741.2
HP_0008843	740.1
HP_0030672	379.2
HP_0030329	362
HP_0005162	428
HP_0012180	442.1
HP_0004933	442.1
HP_0001677	411.4
HP_0001097	370.31
HP_0032147	443.8
HP_0040264	526
HP_0000622	368
HP_0007772	378.2
HP_0005588	691
HP_0025114	701.1
HP_0005595	691
HP_0002343	331.1
HP_0001376	741.2
HP_0001525	264.2
HP_0000633	375.1
HP_0003469	356
HP_0008839	755.6
HP_0007352	348.9
HP_0000685	520.1
HP_0002545	341
HP_0011675	427
HP_0007346	348.9
HP_0003276	726.4
HP_0000918	726.4
HP_0003406	351
HP_0002318	334
HP_0006765	170.1
HP_0000896	726.4
HP_0007902	379.2
HP_0030666	362.4
HP_0001493	362
HP_0007685	362.4
HP_0001489	379.2
HP_0030490	362.3
HP_0001147	362
HP_0000523	366
HP_0003076	250.5
HP_0002748	261.41
HP_0002749	261.41
HP_0002900	276.14
HP_0000124	588
HP_0001941	276.41
HP_0002102	507
HP_0002586	567
HP_0001055	686
HP_0005764	714
HP_0011987	728.1
HP_0011988	728.1
HP_0002093	509
HP_0011989	728.1
HP_0010054	755.1
HP_0002878	509.1
HP_0008449	754
HP_0001012	214
HP_0030436	216
HP_0030255	208
HP_0032227	704.8
HP_0032228	216
HP_0007620	172
HP_0005948	510
HP_0009726	189.1
HP_0006755	170.2
HP_0200040	706.2
HP_0100245	199
HP_0005113	442.1
HP_0010864	315.3
HP_0000212	523
HP_0000169	523
HP_0006887	315.3
HP_0012242	378.5
HP_0007936	378
HP_0012241	378.5
HP_0001488	374.3
HP_0031721	378.1
HP_0000577	378.1
HP_0031723	378.1
HP_0001161	755.3
HP_0006443	755.6
HP_0009556	755.6
HP_0009747	704.2
HP_0006863	315.2
HP_0001028	228
HP_0002219	704.2
HP_0002592	531
HP_0000729	313.3
HP_0000722	300.3
HP_0000960	691
HP_0002588	531
HP_0008398	703
HP_0006498	755.6
HP_0002576	560.4
HP_0000151	751.11
HP_0002205	465
HP_0010765	691
HP_0003233	277.51
HP_0003141	272.11
HP_0003362	272.11
HP_0011599	747.1
HP_0012871	454
HP_0030424	608
HP_0005301	747.13
HP_0002608	557.1
HP_0006934	378.2
HP_0200070	362.6
HP_0008002	362
HP_0007641	368.5
HP_0011510	362.27
HP_0007754	362.2
HP_0000037	751.1
HP_0000149	184
HP_0000786	626.11
HP_0004423	752.1
HP_0000161	749.1
HP_0007541	214.1
HP_0006992	752.1
HP_0006931	214
HP_0009099	749.1
HP_0007705	364.4
HP_0012040	364.2
HP_0012038	364.51
HP_0012039	364
HP_0012045	362
HP_0030642	362.7
HP_0003552	770
HP_0003390	356
HP_0012126	151
HP_0007340	772.3
HP_0001824	260
HP_0010529	292.12
HP_0002360	327
HP_0100035	313.2
HP_0007018	313.1
HP_0100034	313.2
HP_0007730	379.51
HP_0007905	379.5
HP_0012174	191.11
HP_0030997	751.1
HP_0012207	609
HP_0000819	250
HP_0000813	751.11
HP_0002594	750.22
HP_0000074	586.4
HP_0001080	575
HP_0040270	250.41
HP_0100611	580.12
HP_0004904	250.2
HP_0001997	274.1
HP_0003259	790.6
HP_0002149	790.6
HP_0005598	448
HP_0012622	585.3
HP_0007543	701.1
HP_0007621	448
HP_0001004	450
HP_0000793	580.11
HP_0000034	603.1
HP_0100540	374
HP_0006521	450
HP_0000132	627.4
HP_0001892	286.7
HP_0003010	286.9
HP_0012147	286.1
HP_0011872	287.4
HP_0011974	289.1
HP_0008330	286.1
HP_0008320	287.4
HP_0000421	477
HP_0410030	749.1
HP_0001608	473.4
HP_0004894	473
HP_0003712	772
HP_0030053	701
HP_0000041	751.12
HP_0012330	590
HP_0003762	751.11
HP_0008740	751.11
HP_0002301	342
HP_0002077	340.1
HP_0008765	292.6
HP_0002329	291.8
HP_0000713	300
HP_0001125	368
HP_0002357	292.1
HP_0001259	348.7
HP_0004387	555.2
HP_0002251	750.21
HP_0004362	751.3
HP_0003270	579
HP_0030953	372
HP_0025289	289.4
HP_0040313	714
HP_0012450	563
HP_0002239	578
HP_0003565	790.1
HP_0002653	743.9
HP_0100539	242.3
HP_0040186	687.1
HP_0100614	770
HP_0012280	270.33
HP_0002028	561.1
HP_0001191	755.3
HP_0040019	755.3
HP_0003982	755.4
HP_0009751	756.3
HP_0002943	737.3
HP_0001360	752.2
HP_0012806	749
HP_0006315	520.2
HP_0002507	752.2
HP_0008501	749.1
HP_0003031	736.1
HP_0006471	741
HP_0005180	395.3
HP_0009179	755.3
HP_0006462	743
HP_0003834	830
HP_0001123	368.4
HP_0030663	379.2
HP_0007773	362.3
HP_0007643	361
HP_0030157	785
HP_0000800	586.2
HP_0008663	189.11
HP_0008676	751.3
HP_0002153	276.13
HP_0011968	1002
HP_0004906	276.11
HP_0002902	276.12
HP_0001944	276.5
HP_0001254	798
HP_0002150	275.5
HP_0000478	360
HP_0001084	364.4
HP_0001114	374
HP_0007556	691
HP_0007559	701.1
HP_0003077	272.1
HP_0001658	411.2
HP_0003563	277.51
HP_0012238	272.14
HP_0100789	526.8
HP_0006725	157
HP_0100027	577.2
HP_0006780	194
HP_0006781	226
HP_0000843	252.1
HP_0006766	189.11
HP_0007505	694.2
HP_0001045	694.1
HP_0001053	694
HP_0006817	752.2
HP_0002089	748
HP_0008751	748
HP_0002575	530
HP_0001320	752.2
HP_0011467	750.22
HP_0000267	749.2
HP_0000695	520.2
HP_0000049	751.12
HP_0002913	598
HP_0002615	458
HP_0005967	276.41
HP_0040075	253.2
HP_0004416	440
HP_0001039	272.13
HP_0010871	334.1
HP_0002918	275.3
HP_0001733	577
HP_0008200	252.1
HP_0000934	274.21
HP_0011405	264.1
HP_0000044	253.4
HP_0000771	612.2
HP_0000789	609
HP_0004408	350.6
HP_0008734	751.1
HP_0031817	252.2
HP_0001281	350.1
HP_0001153	751.11
HP_0008341	588
HP_0002049	588
HP_0006323	525.1
HP_0002542	333.8
HP_0001278	458.1
HP_0002180	331
HP_0000012	599.9
HP_0000835	255.21
HP_0006159	755.3
HP_0007601	228.1
HP_0003048	830
HP_0000171	750.13
HP_0010112	755.3
HP_0100258	755.3
HP_0008706	751.2
HP_0005151	747.13
HP_0003027	755
HP_0000871	253.2
HP_0012165	755.3
HP_0000826	259.4
HP_0000902	756.2
HP_0006042	755.3
HP_0008188	244.5
HP_0000824	253.5
HP_0001830	755.3
HP_0000976	939
HP_0007479	691.1
HP_0003193	476
HP_0005425	465
HP_0002728	112
HP_0002726	041.1
HP_0006532	480
HP_0000458	350.6
HP_0000830	253.2
HP_0001406	575.2
HP_0008194	211
HP_0000825	251.1
HP_0001087	365.1
HP_0003065	755.6
HP_0005682	756.5
HP_0008368	756.5
HP_0002100	501
HP_0002024	557
HP_0010314	259.4
HP_0004736	751.22
HP_0007655	374.1
HP_0009804	520.1
HP_0100257	755.3
HP_0100726	230
HP_0001572	520.1
HP_0008438	754
HP_0002942	737
HP_0000221	529
HP_0002860	172.22
HP_0012804	370.1
HP_0000559	364
HP_0005406	686
HP_0001128	374.1
HP_0007410	705.8
HP_0001036	690
HP_0007447	691
HP_0011459	150
HP_0040162	701
HP_0007501	701.1
HP_0009702	756.5
HP_0002375	781
HP_0031951	345
HP_0001233	755.3
HP_0009740	527
HP_0005707	755.3
HP_0009741	580.4
HP_0007900	375
HP_0100583	370.1
HP_0007892	375
HP_0008743	751.12
HP_0000620	369
HP_0007732	375
HP_0007656	375
HP_0000522	375
HP_0009637	755.3
HP_0003994	830
HP_0002779	479
HP_0002777	479
HP_0001222	755.3
HP_0004232	755.3
HP_0004942	442.1
HP_0025452	686.5
HP_0002110	496.3
HP_0011107	528.12
HP_0009098	112
HP_0002716	289.4
HP_0025615	681
HP_0004854	287.3
HP_0000131	218.1
HP_0007437	172
HP_0006152	755.3
HP_0012569	626.11
HP_0011710	426.3
HP_0001709	426.24
HP_0002996	741.2
HP_0010463	751.11
HP_0004409	350.6
HP_0008724	751.11
HP_0004565	754
HP_0003173	755.6
HP_0001538	579
HP_0005716	756
HP_0001598	703
HP_0002894	157
HP_0002488	204
HP_0030078	165.1
HP_0012125	185
HP_0030448	170.2
HP_0100787	185
HP_0100768	184.1
HP_0001397	571.5
HP_0003074	250.42
HP_0009125	277.51
HP_0000831	250
HP_0008739	623
HP_0000991	272.13
HP_0001735	577.1
HP_0000147	256.4
HP_0002621	440
HP_0000842	251.1
HP_0000468	278.3
HP_0001882	288.1
HP_0025300	687.1
HP_0001701	420.2
HP_0002725	695.42
HP_0007858	363.3
HP_0500041	367.2
HP_0008052	362
HP_0009879	752.2
HP_0003550	450
HP_0001790	656.7
HP_0012227	592.3
HP_0012740	216
HP_0100658	681
HP_0007448	701.1
HP_0004446	282.9
HP_0006298	287
HP_0031364	287.1
HP_0000967	287.1
HP_0031526	362
HP_0008028	362.23
HP_0008001	362
HP_0005567	588
HP_0002917	275.3
HP_0001849	755.3
HP_0008749	748
HP_0009601	755.3
HP_0000652	753
HP_0001543	756.1
HP_0006657	756.2
HP_0002410	752.2
HP_0000636	753
HP_0000197	527
HP_0007633	753
HP_0005136	395.1
HP_0025586	378.1
HP_0008132	755.1
HP_0004970	442.1
HP_0001065	701
HP_0004927	415
HP_0002107	506
HP_0032934	349
HP_0003179	742
HP_0001704	395.3
HP_0004872	550.6
HP_0002647	442.1
HP_0100250	348.9
HP_0000675	520.1
HP_0007583	362.4
HP_0200151	202
HP_0001977	452
HP_0001902	287.4
HP_0004389	560.4
HP_0004388	750.21
HP_0004395	260
HP_0000016	599.2
HP_0002463	292.1
HP_0000736	313.1
HP_0000356	749
HP_0002591	260.7
HP_0003109	275.53
HP_0100759	781
HP_0006028	755.3
HP_0006414	736.4
HP_0100255	749.2
HP_0005625	743.1
HP_0005877	743.21
HP_0004619	737.3
HP_0006768	194
HP_0010626	759.1
HP_0001750	747.11
HP_0000873	253.3
HP_0009927	749
HP_0002083	340
HP_0002018	789
HP_0002322	350.1
HP_0002578	536.3
HP_0003323	772.1
HP_0000590	378
HP_0000869	626.11
HP_0000029	603
HP_0006886	687.4
HP_0100266	755.3
HP_0007468	701.1
HP_0006758	189
HP_0030731	195
HP_0030410	172
HP_0002253	562.1
HP_0006719	211
HP_0012118	149.4
HP_0006771	159.2
HP_0006778	223
HP_0003250	751.11
HP_0008655	751.11
HP_0004481	749.2
HP_0000836	242
HP_0100646	245
HP_0000854	226
HP_0000853	240
HP_0000138	628
HP_0007206	752.2
HP_0002597	694.3
HP_0004313	279.11
HP_0001102	363.4
HP_0010619	610.2
HP_0002355	741.3
HP_0040131	781
HP_0001605	473.3
HP_0001604	473.3
HP_0003445	346
HP_0009053	359.1
HP_0002522	350.5
HP_0002600	350.5
HP_0011808	350.5
HP_0031936	264.3
HP_0003474	367.9
HP_0008994	772.3
HP_0007269	334.2
HP_0008956	772.1
HP_0001626	429
HP_0002747	509.1
HP_0006466	739
HP_0012231	361
HP_0012473	529
HP_0008970	359.1
HP_0007763	362.4
HP_0003547	726
HP_0003724	359.1
HP_0004820	204.21
HP_0006801	350.5
HP_0002166	687.4
HP_0011448	350.1
HP_0001908	284
HP_0001876	284.1
HP_0002500	346.2
HP_0000756	300.12
HP_0002123	345.11
HP_0003391	781
HP_0001308	529
HP_0008955	772.1
HP_0002197	345.11
HP_0200136	532
HP_0002311	350.3
HP_0002064	350.2
HP_0001350	292.1
HP_0011916	772.1
HP_0008180	573.9
HP_0009031	772.1
HP_0009077	771
HP_0000467	772.3
HP_0003554	772.1
HP_0003738	770
HP_0009005	772.3
HP_0000615	379.5
HP_0007126	772.1
HP_0003730	346
HP_0003740	359.1
HP_0012899	359.1
HP_0010548	359.1
HP_0025605	374
HP_0001262	291.8
HP_0001081	574.2
HP_0008770	300.3
HP_0003764	217.1
HP_0006769	216
HP_0005587	694.2
HP_0002890	193
HP_0100008	225.1
HP_0008225	242.1
HP_0002666	227.1
HP_0001808	703
HP_0030804	703
HP_0012376	379.3
HP_0009781	379.51
HP_0009783	756.3
HP_0009785	756.3
HP_0009788	756.3
HP_0003418	760
HP_0003306	724
HP_0003722	772.3
HP_0002058	359.1
HP_0003810	772.3
HP_0010302	191.1
HP_0045054	353.1
HP_0000764	356
HP_0002521	345.1
HP_0020073	694.2
HP_0000997	694.2
HP_0002859	170.2
HP_0007565	694.2
HP_0001067	199.4
HP_0100697	170.2
HP_0030052	694.2
HP_0009732	215
HP_0009735	225.2
HP_0009734	191.1
HP_0009736	733.8
HP_0001531	264.2
HP_0005994	241
HP_0003005	215
HP_0002865	193
HP_0008208	252.1
HP_0007267	356
HP_0001886	710.1
HP_0040289	288.11
HP_0001433	571.5
HP_0011897	288.2
HP_0011704	427.8
HP_0030682	425.1
HP_0001688	427.8
HP_0004841	286.1
HP_0000917	756.22
HP_0100769	727.1
HP_0000915	756.21
HP_0000476	228
HP_0003251	609
HP_0004859	287.31
HP_0008357	286.1
HP_0009183	739
HP_0000011	596.5
HP_0010705	755.3
HP_0002085	752.1
HP_0003305	754
HP_0001140	224
HP_0009892	749
HP_0011332	749
HP_0012166	300.3
HP_0004692	755.3
HP_0001734	750.22
HP_0007838	374.3
HP_0007006	334
HP_0002168	292.1
HP_0007263	334.1
HP_0000543	377.1
HP_0005025	755.6
HP_0004991	755.4
HP_0005060	741
HP_0006376	741
HP_0000575	368.4
HP_0012521	377
HP_0010886	732.7
HP_0100777	726.4
HP_0000362	383
HP_0010444	509.2
HP_0000923	756.2
HP_0005005	755.6
HP_0003023	736
HP_0004349	743.1
HP_0001800	703
HP_0005864	733.8
HP_0000706	520.2
HP_0001473	733
HP_0001495	733
HP_0001504	733
HP_0006234	733
HP_0001225	741.4
HP_0001785	741.4
HP_0100246	213
HP_0025027	687.2
HP_0031013	741.1
HP_0007626	710.1
HP_0007209	352.2
HP_0011002	756.5
HP_0005789	756.5
HP_0010739	756.5
HP_0007502	701.1
HP_0025084	704.8
HP_0008392	703
HP_0012035	706.2
HP_0002797	733
HP_0008946	772.1
HP_0003551	741.3
HP_0030838	745
HP_0003749	359.1
HP_0006913	331
HP_0007112	331
HP_0008988	772.1
HP_0031417	479
HP_0001662	427.8
HP_0200026	379.9
HP_0500005	565
HP_0200025	526
HP_0002202	507
HP_0005213	577
HP_0002570	557
HP_0005206	577.3
HP_0003334	255.13
HP_0006715	199
HP_0001686	473.4
HP_0002886	194
HP_0005348	479
HP_0011809	359.1
HP_0007385	757
HP_0001621	473.4
HP_0007311	350.2
HP_0002362	350.2
HP_0000511	378
HP_0002791	513.3
HP_0007110	327.31
HP_0025234	327.5
HP_0009244	755.3
HP_0007913	362.7
HP_0011506	362.4
HP_0007963	362.7
HP_0006895	772.2
HP_0009824	755.4
HP_0002395	350.5
HP_0001874	288
HP_0002344	290.1
HP_0007480	343
HP_0007262	357
HP_0008652	605
HP_0006994	323.8
HP_0002415	331
HP_0005341	596.5
HP_0007371	331
HP_0009937	704.2
HP_0006528	496
HP_0010702	270.31
HP_0007489	448
HP_0007473	695
HP_0005147	427.6
HP_0001657	426.8
HP_0008153	276.14
HP_0003768	359.1
HP_0025072	426.7
HP_0003752	772.3
HP_0007215	359.1
HP_0000166	523.3
HP_0001095	362.3
HP_0000875	401
HP_0001574	757
HP_0032346	270.33
HP_0011781	240
HP_0000733	313.2
HP_0007544	694.2
HP_0007903	363.4
HP_0000839	253.5
HP_0025474	695
HP_0000656	374.1
HP_0031045	695.2
HP_0005590	694
HP_0007561	448
HP_0001741	604.1
HP_0005585	694.2
HP_0430007	372
HP_0001407	573
HP_0007029	433.5
HP_0004732	274.1
HP_0002048	580.4
HP_0005576	580.4
HP_0000096	580.12
HP_0012213	589
HP_0000108	586.2
HP_0000127	586
HP_0003573	277.4
HP_0006557	750.22
HP_0000180	750.13
HP_0005895	755.3
HP_0009606	755.3
HP_0010066	755.3
HP_0009942	755.3
HP_0001841	755.3
HP_0005866	755.3
HP_0005688	755.3
HP_0010713	755.3
HP_0002573	578.2
HP_0002035	565
HP_0004394	211
HP_0006548	747.13
HP_0002672	159
HP_0004784	211
HP_0001009	448
HP_0002408	747.2
HP_0006574	747
HP_0004783	211
HP_0011068	213
HP_0005227	208
HP_0007649	753.2
HP_0010614	215
HP_0010562	701.4
HP_0006722	159.2
HP_0001891	280
HP_0002584	578.9
HP_0032454	694.2
HP_0100582	471
HP_0010784	182
HP_0031261	223
HP_0032451	694.2
HP_0008204	259.4
HP_0200008	211
HP_0000243	749.2
HP_0011330	756.5
HP_0001459	755.3
HP_0002140	433.21
HP_0500087	377.1
HP_0032046	752.2
HP_0011500	753
HP_0010636	752.2
HP_0011496	370
HP_0000646	368.1
HP_0001136	362.4
HP_0008069	172
HP_0200044	938.2
HP_0002590	560.1
HP_0000725	295.3
HP_0100518	599.3
HP_0100324	701.3
HP_0005586	694.2
HP_0010473	277.1
HP_0002144	752.2
HP_0010447	565
HP_0100806	994.2
HP_0002617	442
HP_0009789	565
HP_0000010	591
HP_0004796	560
HP_0007293	752.11
HP_0009793	199
HP_0001681	411.3
HP_0040160	743
HP_0005181	411.4
HP_0005543	286.81
HP_0100724	286.8
HP_0002638	451
HP_0002625	452.2
HP_0002204	415.11
HP_0005305	433.2
HP_0001498	755.4
HP_0002341	721.2
HP_0012307	756.2
HP_0003049	736.1
HP_0000763	356
HP_0006467	741.2
HP_0003414	830
HP_0001949	255.12
HP_0200114	276.42
HP_0004319	255.21
HP_0001132	379.3
HP_0009916	379.4
HP_0012635	379.5
HP_0012636	362.4
HP_0011499	379.4
HP_0012627	365.5
HP_0000517	372
HP_0008242	255
HP_0000573	362.8
HP_0025533	782.3
HP_0005297	443.9
HP_0012457	440
HP_0002634	414.2
HP_0004966	440
HP_0025507	695
HP_0006519	165.1
HP_0012735	512.8
HP_0031950	504.1
HP_0002875	512.9
HP_0005312	504.1
HP_0001708	428.1
HP_0001667	416
HP_0005317	415.2
HP_0031609	362.7
HP_0009919	190
HP_0011531	379.2
HP_0010799	194
HP_0012254	170.1
HP_0001909	204
HP_0002665	202.2
HP_0000555	360
HP_0030983	220
HP_0100528	165
HP_0025388	241.1
HP_0006743	170.2
HP_0005987	241.2
HP_0000485	753
HP_0000558	753
HP_0500070	372
HP_0000481	364
HP_0025612	367.2
HP_0010297	750.13
HP_0001853	755.3
HP_0000060	751.11
HP_0001705	747.1
HP_0009883	755.3
HP_0000075	751.22
HP_0002345	333.1
HP_0007351	333.1
HP_0002715	279
HP_0001601	748
HP_0002788	465
HP_0011087	520.1
HP_0010775	747.1
HP_0100710	312.3
HP_0001956	278.1
HP_0009715	608
HP_0001135	363.4
HP_0004411	470
HP_0002870	327.32
HP_0100852	300.1
HP_0005306	228
HP_0006483	520.1
HP_0001094	371.1
HP_0012424	371.1
HP_0100721	289.4
HP_0006530	504.1
HP_0002039	260.6
HP_0002113	514
HP_0002037	555
HP_0012418	1013
HP_0012062	733.2
HP_0010286	527
HP_0008940	289.4
HP_0007734	375
HP_0011939	755.3
HP_0006709	612.3
HP_0100783	612
HP_0006349	520.1
HP_0001771	727.7
HP_0005997	723.1
HP_0004631	724.9
HP_0011727	772.3
HP_0009049	356
HP_0006785	359.1
HP_0008944	772.1
HP_0003704	772.3
HP_0003697	772.1
HP_0010307	479
HP_0009060	772.1
HP_0009063	772.1
HP_0006897	378.5
HP_0001385	755.61
HP_0009113	772.3
HP_0007178	356
HP_0003634	756.3
HP_0009054	359.1
HP_0030319	772.6
HP_0010627	253.4
HP_0011755	759.1
HP_0001607	473
HP_0003186	613.8
HP_0007397	705
HP_0003977	736.4
HP_0007086	292.4
HP_0025356	315
HP_0007766	377.3
HP_0004325	260
HP_0100295	772.1
HP_0004382	395.1
HP_0004380	440.9
HP_0100550	727.6
HP_0006353	520.1
HP_0030043	830
HP_0005303	440.9
HP_0004324	278
HP_0032521	313
HP_0031849	327
HP_0032508	313
HP_0032509	313
HP_0012168	313.2
HP_0010780	389.5
HP_0000820	240
HP_0002061	350.1
HP_0004444	282.9
HP_0002904	277.4
HP_0002323	752.1
HP_0002475	752.11
HP_0012032	214
HP_0007670	378.2
HP_0010501	741.2
HP_0008857	264.1
HP_0002651	756
HP_0003320	720
HP_0002657	756
HP_0000090	751.21
HP_0008845	264.1
HP_0000381	741.1
HP_0009177	755.3
HP_0010522	315.2
HP_0000616	379.4
HP_0004950	443.9
HP_0004381	394.1
HP_0005880	756.5
HP_0008083	755.3
HP_0009185	739
HP_0009162	755.3
HP_0100259	755.3
HP_0010708	755.3
HP_0006088	755.3
HP_0005917	755.3
HP_0005867	755.3
HP_0009816	736.6
HP_0008607	389.2
HP_0010624	755.3
HP_0005807	755.3
HP_0006190	736.1
HP_0007813	371.1
HP_0001386	741.4
HP_0025230	727.1
HP_0005830	739
HP_0001101	379.5
HP_0012219	695.81
HP_0011505	362.9
HP_0007432	695
HP_0001694	747.1
HP_0011934	442.8
HP_0012151	507
HP_0001722	428.1
HP_0000434	448
HP_0002138	430.1
HP_0005268	634
HP_0002390	747
HP_0100585	448
HP_0040223	516.1
HP_0100858	442.8
HP_0002629	747
HP_0002707	448
HP_0000524	448
HP_0002626	454
HP_0000961	513.3
HP_0004406	477
HP_0006107	448
HP_0001232	448
HP_0002642	415
HP_0030877	514.1
HP_0001901	289.8
HP_0000214	217.1
HP_0030049	324
HP_0000471	537.1
HP_0000227	448
HP_0002604	448
HP_0002249	578.2
HP_0002248	578.1
HP_0002187	315.3
HP_0008909	264.1
HP_0002282	752.2
HP_0003540	287.4
HP_0040185	287.3
HP_0008148	287.4
HP_0004866	287.4
HP_0001907	452
HP_0004419	451
HP_0100602	642.1
HP_0012175	286.81
HP_0003645	286.9
HP_0040198	193
HP_0006731	193
HP_0006347	520.1
HP_0002378	333.1
HP_0003279	732.1
HP_0010300	473.4
HP_0006253	741.4
HP_0002245	750.21
HP_0008439	754
HP_0008275	346
HP_0009719	694.2
HP_0010762	170.1
HP_0012469	345.1
HP_0006772	223
HP_0009722	521.2
HP_0009724	703
HP_0009727	362
HP_0001482	687.2
HP_0012798	504
HP_0011097	345.1
HP_0001716	426.4
HP_0030211	379.4
HP_0012624	585.4
HP_0002009	749
HP_0012432	798.1
HP_0031987	292
HP_0007009	331
HP_0200029	694.3
HP_0030880	443.1
HP_0040049	362.9
HP_0007017	292.3
HP_0200030	694.3
HP_0001413	571.51
HP_0001664	426.8
HP_0001670	425.1
HP_0008138	755.1
HP_0000117	588
HP_0004912	275.53
HP_0030856	379
HP_0008043	362.4
HP_0007661	362.7
HP_0007985	362.4
HP_0032027	362
HP_0030667	362.4
HP_0007778	362.4
HP_0007658	362
HP_0001392	573
HP_0005562	586.2
HP_0001737	577.3
HP_0005954	228
HP_0003125	286.13
HP_0005542	286.9
HP_0005261	741.5
HP_0000979	287
HP_0001022	270.1
HP_0031160	288.11
HP_0200043	078
HP_0004315	279.11
HP_0012785	739
HP_0003044	739
HP_0002365	752.2
HP_0001239	739
HP_0000033	751.12
HP_0000061	751.11
HP_0010459	751.1
HP_0003248	751.1
HP_0005165	426.8
HP_0006684	426.4
HP_0006677	426.32
HP_0005535	285.8
HP_0003641	285.8
HP_0012115	070.9
HP_0032106	372
HP_0002630	557
HP_0001927	289.9
HP_0000546	362
HP_0000488	362.3
HP_0007305	341
HP_0008181	277.51
HP_0000062	751.1
HP_0011224	749
HP_0011267	749
HP_0002933	550.5
HP_0002340	331
HP_0100033	313.2
HP_0007326	333.3
HP_0009828	755
HP_0004231	755.4
HP_0010509	755.1
HP_0010048	755.3
HP_0004050	755.3
HP_0010744	755.1
HP_0010760	755.3
HP_0009820	755.6
HP_0009802	755.3
HP_0001789	656.7
HP_0000888	756.2
HP_0003086	756
HP_0008081	755.1
HP_0005914	755.3
HP_0001964	755.1
HP_0006228	755.3
HP_0005148	395.4
HP_0009611	755.3
HP_0001641	395.4
HP_0010576	348.4
HP_0000308	526.3
HP_0010093	755.3
HP_0006397	755.6
HP_0009608	755.3
HP_0004097	755.3
HP_0001669	747.11
HP_0005435	279.1
HP_0005401	112
HP_0040171	257.1
HP_0001818	681.1
HP_0000224	350.6
HP_0001069	705.8
HP_0008000	364
HP_0011748	253.2
HP_0003162	251.1
HP_0003234	277.8
HP_0002181	348.2
HP_0004911	276.41
HP_0009045	772.4
HP_0001404	573.4
HP_0001958	251.1
HP_0008305	598
HP_0002789	513.4
HP_0008258	255.3
HP_0003154	253.1
HP_0000066	751.11
HP_0008665	623
HP_0012411	259.4
HP_0008185	259.4
HP_0001988	251.1
HP_0010696	753.1
HP_0000846	255.2
HP_0012223	289.5
HP_0011900	286.6
HP_0009939	526.3
HP_0012730	750.13
HP_0012311	288
HP_0005541	288.11
HP_0004845	204.3
HP_0200098	694
HP_0001010	694
HP_0002583	555.2
HP_0001141	367.9
HP_0002376	315
HP_0007162	341
HP_0002483	334.2
HP_0008419	722.6
HP_0001717	411.4
HP_0007832	379
HP_0012847	345.1
HP_0001408	575.8
HP_0002133	345.1
HP_0006964	290.12
HP_0005974	276.41
HP_0011501	753.1
HP_0004438	733
HP_0200120	070.4
HP_0001099	362.7
HP_0000654	346
HP_0005157	425
HP_0002361	292
HP_0000550	346
HP_0006285	521.2
HP_0000805	313
HP_0002464	292.1
HP_0003444	346
HP_0001285	334.1
HP_0002193	334.2
HP_0002491	352.2
HP_0009130	772.1
HP_0002425	292.11
HP_0006986	350.1
HP_0002501	350.1
HP_0010829	687.4
HP_0025608	374.1
HP_0032231	280.1
HP_0011273	289.9
HP_0004840	280.1
HP_0004447	289.9
HP_0001264	344
HP_0002510	343
HP_0001215	755.3
HP_0000063	751.11
HP_0000660	362.4
HP_0001987	270.21
HP_0002478	344
HP_0002313	334.1
HP_0002572	789.1
HP_0006580	571.51
HP_0001395	571
HP_0009886	704.8
HP_0001950	276.42
HP_0100545	447.1
HP_0004940	440
HP_0025477	728.1
HP_0007421	448
HP_0004955	447.1
HP_0200084	656.8
HP_0002611	571.6
HP_0002908	277.4
HP_0001339	752.2
HP_0003700	772.1
HP_0006163	755.3
HP_0002563	420.22
HP_0005186	727
HP_0005197	741.2
HP_0032198	286.9
HP_0000943	331
HP_0031834	747.1
HP_0001674	747.11
HP_0001651	747.1
HP_0011565	747.11
HP_0005160	747.13
HP_0011536	747.1
HP_0002613	571.6
HP_0100732	577
HP_0005999	751.2
HP_0012042	495
HP_0000778	254
HP_0002837	497
HP_0005403	288.1
HP_0000134	627.5
HP_0012539	202.2
HP_0010975	288
HP_0012189	201
HP_0001315	350.5
HP_0008669	609
HP_0000571	378.2
HP_0001931	280.1
HP_0006747	170.2
HP_0012416	512.9
HP_0004370	656.7
HP_0000998	704.2
HP_0002141	350.2
HP_0012393	949
HP_0002167	292.1
HP_0001829	755.3
HP_0002783	480
HP_0004432	279.11
HP_0004385	561.1
HP_0005386	131
HP_0002383	323
HP_0007041	320
HP_0011473	569
HP_0006562	070
HP_0003139	279.11
HP_0100727	277
HP_0005661	710.1
HP_0030166	705.8
HP_0025427	748
HP_0008802	755.6
HP_0003089	739
HP_0002191	350.1
HP_0006366	739
HP_0008281	270.21
HP_0002919	250.5
HP_0006573	571.5
HP_0001993	276.41
HP_0001051	690.1
HP_0004870	283.2
HP_0004802	283
HP_0007880	364.5
HP_0007675	368
HP_0011003	360.2
HP_0030528	368.4
HP_0003508	264.1
HP_0006434	755.4
HP_0006143	755.3
HP_0001883	755.1
HP_0006442	755.6
HP_0003865	736
HP_0003498	264.1
HP_0004616	754
HP_0100263	755.3
HP_0005978	250.2
HP_0011834	433.32
HP_0000690	520.2
HP_0000868	626.8
HP_0000027	609.11
HP_0020049	378
HP_0000808	751.12
HP_0000667	360
HP_0002877	327.31
HP_0002312	350.3
HP_0011449	350.1
HP_0007097	352
HP_0006575	575.2
HP_0003761	702.4
HP_0003771	522.1
HP_0004934	440.2
HP_0030358	165.1
HP_0001287	320
HP_0012203	110.11
HP_0032515	110.1
HP_0032061	288.3
HP_0040303	280
HP_0040089	288
HP_0002721	279.1
HP_0001929	286.1
HP_0001976	286.81
HP_0008151	286.9
HP_0006955	752.2
HP_0003146	277.51
HP_0011858	286.1
HP_0007466	228.1
HP_0000699	524.3
HP_0003423	737.3
HP_0031014	747.13
HP_0011662	747.12
HP_0008722	597
HP_0001655	747.11
HP_0004756	427.12
HP_0006682	427.6
HP_0006543	427.42
HP_0001298	323
HP_0001946	276.41
HP_0004901	276.41
HP_0007401	362.2
HP_0004684	755.1
HP_0008388	757
HP_0100651	250.1
HP_0100502	261.2
HP_0100507	261.2
HP_0100512	261.4
HP_0011892	261
HP_0010280	528.11
HP_0000876	626.11
HP_0002871	327.31
HP_0000570	378.2
HP_0002195	752.2
HP_0002790	656.2
HP_0007271	752.11
HP_0002508	752.2
HP_0010828	352.2
HP_0000617	378
HP_0002876	513.4
HP_0100951	348.9
HP_0200096	755.3
HP_0002461	348.9
HP_0004363	275.5
HP_0002504	348.9
HP_0002406	350.3
HP_0002305	350.1
HP_0010845	346.2
HP_0003482	346
HP_0001344	315.2
HP_0011504	362
HP_0012592	269
HP_0002416	348.4
HP_0004734	586.2
HP_0002033	656.3
HP_0008125	755.1
HP_0003400	356
HP_0006915	741.3
HP_0007182	356
HP_0001104	753.2
HP_0005429	994.2
HP_0007133	356
HP_0001948	276.42
HP_0008754	473
HP_0005841	756.5
HP_0001802	757
HP_0006619	756.2
HP_0001978	289.5
HP_0006559	573
HP_0004510	577
HP_0010659	743
HP_0002040	530.2
HP_0001780	755.3
HP_0002139	752.1
HP_0008362	755.3
HP_0000647	753
HP_0008386	755.3
HP_0001409	571.81
HP_0008850	264.2
HP_0007814	362.3
HP_0000297	358
HP_0008915	278.1
HP_0012047	368.9
HP_0011516	368.5
HP_0007803	368.5
HP_0200085	333.1
HP_0011947	465
HP_0002862	189.2
HP_0009588	225.1
HP_0031842	450
HP_0005465	749.2
HP_0011318	756.5
HP_0005886	755.3
HP_0007452	228.1
HP_0002045	780
HP_0005990	244.5
HP_0008191	244.5
HP_0100028	242
HP_0008282	277.4
HP_0001343	656.1
HP_0007993	375
HP_0005950	748
HP_0005352	279.1
HP_0008750	748
HP_0000777	254
HP_0008678	751.22
HP_0009767	755.3
HP_0006714	756.2
HP_0002006	749.2
HP_0012741	751.12
HP_0000015	596
HP_0010537	749.2
HP_0004401	656.6
HP_0001648	415.2
HP_0006538	483
HP_0000832	244
HP_0002907	593.2
HP_0000531	364
HP_0000026	257.1
HP_0008936	772.3
HP_0001919	585.1
HP_0000791	274.11
HP_0008682	585.1
HP_0012715	389
HP_0008213	257.1
HP_0010524	292.12
HP_0003447	356
HP_0000727	290.12
HP_0007968	379.2
HP_0011886	379.5
HP_0011484	379.5
HP_0012043	378.2
HP_0007899	361
HP_0001889	281.1
HP_0001924	285.3
HP_0006217	741.2
HP_0003126	269
HP_0009110	756.1
HP_0001732	577
HP_0003452	275.1
HP_0002041	561.1
HP_0012758	264.9
HP_0001076	228
HP_0006517	504
HP_0002832	756.5
HP_0001082	574.3
HP_0001895	285
HP_0001897	285
HP_0001930	282
HP_0005964	780
HP_0012877	608
HP_0000017	599.5
HP_0001063	443.8
HP_0004891	501
HP_0002821	713.5
HP_0002465	292.1
HP_0005532	281.9
HP_0002043	530.3
HP_0001059	372
HP_0000064	751.11
HP_0031405	216
HP_0031454	216
HP_0007607	691
HP_0002296	704.1
HP_0025019	447
HP_0008458	737.3
HP_0001788	653
HP_0010749	374.3
HP_0000222	523
HP_0005332	830
HP_0004876	506
HP_0200094	524.3
HP_0000039	751.12
HP_0010454	726.1
HP_0007321	346.1
HP_0000253	752.2
HP_0009710	1014
HP_0002448	323
HP_0012110	752.2
HP_0002803	755.3
HP_0007105	661
HP_0002324	752.2
HP_0007609	782.3
HP_0005214	560
HP_0030243	452
HP_0007430	782.3
HP_0002639	452
HP_0005203	530
HP_0004057	755.3
HP_0006089	705.8
HP_0004552	704.1
HP_0011859	370.2
HP_0004399	750.5
HP_0200134	323
HP_0002654	756.5
HP_0012095	742.2
HP_0003225	286.1
HP_0012233	729
HP_0008169	286.1
HP_0008321	286.1
HP_0009943	755.3
HP_0001017	782.6
HP_0010035	755.3
HP_0000125	751.22
HP_0012468	276.41
HP_0010729	362.4
HP_0040139	277.5
HP_0007470	687.2
HP_0012215	608
HP_0000922	756.2
HP_0005476	749.2
HP_0005442	749.2
HP_0005876	739
HP_0006092	755.3
HP_0008119	755.1
HP_0006492	755.6
HP_0006262	755.3
HP_0006265	755.3
HP_0005613	755.6
HP_0004851	281.1
HP_0000155	528
HP_0100660	333.4
HP_0003115	426.7
HP_0003116	793.2
HP_0005973	271.9
HP_0002883	513.4
HP_0001014	216
HP_0004558	754
HP_0004918	588
HP_0006904	334.1
HP_0007313	290.12
HP_0007281	315
HP_0007272	292
HP_0002506	331
HP_0001971	289.5
HP_0010885	733.4
HP_0006775	204.4
HP_0007817	378
HP_0004963	440.9
HP_0007885	378.2
HP_0007975	378.2
HP_0005890	733
HP_0100252	756.5
HP_0005505	200
HP_0004846	287
HP_0008041	753
HP_0002173	251.1
HP_0006929	323
HP_0002605	573.4
HP_0004448	573.4
HP_0001985	251.1
HP_0007002	356
HP_0008259	255.2
HP_0002571	530.5
HP_0006956	348.9
HP_0006873	357
HP_0002614	573.4
HP_0001325	251.1
HP_0002254	561.1
HP_0012522	228
HP_0001881	288
HP_0006280	577.2
HP_0006597	513.8
HP_0040319	598
HP_0010677	599.4
HP_0007141	356
HP_0007941	378
HP_0008697	751.11
HP_0010464	751.11
HP_0040154	705.3
HP_0001581	686
HP_0012089	446
HP_0005387	279.1
HP_0007417	695.4
HP_0002740	041.4
HP_0002840	289.4
HP_0002741	038.1
HP_0100523	571.8
HP_0002955	446.4
HP_0002724	117.4
HP_0002742	480.1
HP_0002842	480.1
HP_0002487	350.1
HP_0003781	527.7
HP_0006829	772.3
HP_0002509	772.2
HP_0004923	270.12
HP_0002283	331
HP_0000658	374
HP_0031814	292.1
HP_0000206	529.1
HP_0006518	747.13
HP_0025180	514
HP_0005356	279.8
HP_0005575	283.21
HP_0005369	279.8
HP_0001981	289.9
HP_0005421	279.8
HP_0001937	283.2
HP_0100519	599.6
HP_0005416	279.8
HP_0002593	450
HP_0005183	450
HP_0002243	557
HP_0006531	450
HP_0008229	450
HP_0006685	425.1
HP_0004961	747.1
HP_0012429	752.2
HP_0001273	752.2
HP_0012075	301
HP_0012300	751.2
HP_0007033	752.2
HP_0031882	752.2
HP_0007260	752.2
HP_0002438	752.2
HP_0001105	377.1
HP_0003741	359.1
HP_0006888	752.1
HP_0000142	751.11
HP_0008216	759.1
HP_0006882	331.1
HP_0002607	561
HP_0000145	751.11
HP_0010741	782.3
HP_0030010	619.4
HP_0000796	599.1
HP_0007258	341
HP_0008176	656.8
HP_0100021	343
HP_0002574	785
HP_0031028	272.12
HP_0002169	350.1
HP_0006846	323
HP_0200119	070
HP_0004540	757
HP_0005129	416
HP_0008822	755.6
HP_0002289	704.1
HP_0001096	370.3
HP_0020123	385.5
HP_0008207	255.2
HP_0011839	288
HP_0011108	475
HP_0002729	289.4
HP_0011998	250.42
HP_0005135	426.7
HP_0003158	586
HP_0000128	588
HP_0001960	276.42
HP_0000111	586.3
HP_0008198	252.2
HP_0002199	275.51
HP_0008428	754
HP_0010502	736.4
HP_0000893	733.6
HP_0004724	594
HP_0000886	756.2
HP_0002652	756.5
HP_0009733	191.11
HP_0007431	691.1
HP_0007549	691
HP_0003244	751.12
HP_0005419	279.1
HP_0040218	288
HP_0004469	496.2
HP_0002637	433.3
HP_0011100	750.21
HP_0032220	070.9
HP_0003765	696.4
HP_0005249	560
HP_0001046	573.5
HP_0011695	430.2
HP_0005235	750.21
HP_0012841	362.4
HP_0012584	751.22
HP_0005318	433
HP_0006334	520.1
HP_0012050	782.3
HP_0002257	472
HP_0011109	475
HP_0006511	473.3
HP_0006224	755.3
HP_0007545	691
HP_0006536	496
HP_0004971	747.1
HP_0005103	742.8
HP_0002333	333
HP_0007928	346
HP_0025013	772.2
HP_0009020	798
HP_0008967	770
HP_0003457	346
HP_0006961	350.1
HP_0007010	350.3
HP_0007015	350.3
HP_0007183	333.8
HP_0008935	350.3
HP_0032988	315
HP_0012557	346.2
HP_0011098	292.12
HP_0006527	504.1
HP_0005021	742.2
HP_0006099	728.2
HP_0008390	703
HP_0005671	348.9
HP_0008239	759.1
HP_0012637	588
HP_0001116	753
HP_0008035	362
HP_0007553	691
HP_0011664	425
HP_0001870	733
HP_0001070	694.2
HP_0000905	733
HP_0005321	749.2
HP_0000625	749
HP_0007232	334.1
HP_0005619	737.1
HP_0007108	357
HP_0008278	334.1
HP_0012672	292.11
HP_0006872	752.2
HP_0005343	751.2
HP_0000130	751.11
HP_0100280	555.1
HP_0100796	601.3
HP_0004860	281.1
HP_0002371	292.1
HP_0007187	752.2
HP_0012819	420.1
HP_0000887	756.2
HP_0005374	279.1
HP_0005360	079.1
HP_0031087	259.3
HP_0006409	736.4
HP_0012119	289.9
HP_0040126	281.12
HP_0005979	276.41
HP_0009821	755.4
HP_0005780	755.3
HP_0011451	752.2
HP_0006216	755.3
HP_0002961	279.11
HP_0000265	381.3
HP_0005602	694.1
HP_0004798	008
HP_0005484	752.2
HP_0010097	755.3
HP_0008082	755.1
HP_0009774	755.3
HP_0006439	830
HP_0030961	753.1
HP_0100693	379.5
HP_0001405	571.51
HP_0000549	378
HP_0001935	280.1
HP_0006965	323
HP_0004897	276.41
HP_0006980	324
HP_0000804	594
HP_0003739	333.2
HP_0004808	204.21
HP_0005518	289
HP_0030148	396
HP_0002196	334
HP_0009769	755.3
HP_0000484	367.2
HP_0006162	741.4
HP_0006989	752.2
HP_0032448	536
HP_0003308	720
HP_0000904	756.2
HP_0005292	440
HP_0008807	756
HP_0006119	755.3
HP_0005132	420.22
HP_0001685	425.1
HP_0100275	334.1
HP_0002350	348.4
HP_0007738	378
HP_0005905	737
HP_0001961	747.12
HP_0007277	334.2
HP_0007289	350.1
HP_0005133	416
HP_0020152	728.2
HP_0005072	728.2
HP_0006460	728.2
HP_0006149	728.2
HP_0003731	772.3
HP_0009072	350.5
HP_0200101	350.5
HP_0030051	350.2
HP_0002872	513.31
HP_0002882	513.31
HP_0003473	799
HP_0003397	350.3
HP_0000597	378.5
HP_0003403	346
HP_0012001	346.2
HP_0002121	345.3
HP_0007000	345
HP_0011165	368
HP_0007334	345.3
HP_0100820	580
HP_0012246	378.5
HP_0004755	427.11
HP_0008279	272.1
HP_0007335	323
HP_0003327	772.3
HP_0032341	514.1
HP_0003121	739
HP_0003789	359.2
HP_0003787	359.2
HP_0002230	704.2
HP_0006691	212
HP_0011672	212
HP_0006689	420.3
HP_0011850	527.2
HP_0025131	687.2
HP_0100534	379.1
HP_0200035	696
HP_0012490	729.3
HP_0000031	601.3
HP_0003864	736
HP_0008677	580
HP_0500093	930
HP_0002190	348.4
HP_0000282	782.3
HP_0010543	378.2
HP_0031500	579
HP_0002277	337
HP_0200036	687.2
HP_0005307	458.1
HP_0006554	573.4
HP_0001403	571.5
HP_0006827	334.2
HP_0002207	514
HP_0006583	656.6
HP_0002524	347
HP_0007642	368
HP_0006849	752.2
HP_0006818	752.2
HP_0005769	755.3
HP_0005768	755.3
HP_0008391	703
HP_0010298	529.1
HP_0001810	703
HP_0005050	830
HP_0003066	741.2
HP_0005085	741
HP_0006389	741
HP_0003434	334.1
HP_0000199	293.1
HP_0004826	281.1
HP_0003339	281.1
HP_0040309	526.3
HP_0008689	751.12
HP_0005897	743.1
HP_0008090	741.1
HP_0008011	364.1
HP_0008133	755.1
HP_0001220	739
HP_0008078	755.1
HP_0006012	755.3
HP_0005441	749.2
HP_0004499	472
HP_0004437	733
HP_0008037	360.3
HP_0025324	440.2
HP_0025520	689
HP_0008672	594
HP_0004417	440.22
HP_0030507	362
HP_0100758	791
HP_0012407	350.2
HP_0000857	250.1
HP_0006598	756.2
HP_0001700	411.2
HP_0200022	191.11
HP_0012098	782.3
HP_0007965	346
HP_0007514	782.3
HP_0002587	789
HP_0003269	331
HP_0006918	341
HP_0011266	749
HP_0006077	755.3
HP_0032163	079
HP_0200118	281.12
HP_0005219	286.5
HP_0005608	750.22
HP_0008569	749
HP_0000073	751.2
HP_0000022	751.12
HP_0200128	416
HP_0003777	757
HP_0012542	703
HP_0001953	250.21
HP_0007811	378.2
HP_0008202	253.4
HP_0001934	459.1
HP_0032313	704.2
HP_0002641	444.1
HP_0001050	782.6
HP_0001899	289.9
HP_0001898	289.9
HP_0005873	755.3
HP_0005817	755.3
HP_0006644	756.2
HP_0032001	598
HP_0005211	750.21
HP_0030088	257
HP_0000621	374.1
HP_0008730	751.11
HP_0006555	571.5
HP_0000051	751.12
HP_0000867	252.1
HP_0012426	377
HP_0033026	528
HP_0100817	401.22
HP_0004943	440
HP_0005617	755.3
HP_0009761	754
HP_0004459	380
HP_0006446	755.6
HP_0009759	749
HP_0005243	756.1
HP_0006520	512.9
HP_0006514	504
HP_0005942	504.1
HP_0011611	747.1
HP_0033208	504
HP_0010955	596
HP_0033186	747.13
HP_0010946	595
HP_0010773	747.13
HP_0030889	750.21
HP_0030848	429.3
HP_0030879	514
HP_0001345	295.3
HP_0001996	276.41
HP_0004839	289.9
HP_0004835	282.9
HP_0011950	483
HP_0005198	741.2
HP_0006501	755.4
HP_0002580	560.4
HP_0200116	750.21
HP_0005247	756.1
HP_0008660	751.21
HP_0005354	279.1
HP_0030502	361.2
HP_0007617	694.2
HP_0007898	362.3
HP_0008942	772.4
HP_0030721	755
HP_0007330	752.1
HP_0009486	755.3
HP_0006355	520.2
HP_0009094	749.1
HP_0100499	755.3
HP_0008467	754
HP_0001029	694.2
HP_0002493	333
HP_0009104	755.6
HP_0000329	228.1
HP_0000071	597.1
HP_0009792	220
HP_0007285	749.2
HP_0000065	623
HP_0000877	250.2
HP_0007727	364.1
HP_0007165	752.2
HP_0002579	560.4
HP_0000996	228.1
HP_0006979	327.6
HP_0007537	938
HP_0005208	557
HP_0007083	350.5
HP_0006150	755.3
HP_0007240	334.1
HP_0007221	334.1
HP_0003392	772.3
HP_0003393	351
HP_0003426	351
HP_0003427	772.3
HP_0000720	1004
HP_0030890	346.1
HP_0007366	334.1
HP_0006957	741.3
HP_0008755	479
HP_0009164	755.3
HP_0003467	742.9
HP_0009875	755.3
HP_0012444	331
HP_0005949	513.31
HP_0007307	290.1
HP_0011335	704.2
HP_0010714	755.3
HP_0008456	720
HP_0008197	259.3
HP_0006507	755.6
HP_0100694	736
HP_0100327	930
HP_0004717	751.22
HP_0004977	755.4
HP_0007413	217.1
HP_0008223	244
HP_0012559	246.7
HP_0008237	244.2
HP_0200041	689
HP_0012478	741.1
HP_0001980	281.1
HP_0007818	379.51
HP_0008736	751.12
HP_0005639	728.2
HP_0007812	369.2
HP_0006949	356
HP_0001928	286
HP_0010769	686.3
HP_0010173	755.3
HP_0008363	755.1
HP_0006502	755.4
HP_0002436	752.11
HP_0008817	755.6
HP_0008555	386
HP_0001756	386
HP_0031258	290.2
HP_0100513	261
HP_0007618	702.4
HP_0005177	414.2
HP_0200122	070.4
HP_0007327	357
HP_0010838	275.2
HP_0002275	350.3
HP_0200032	364
HP_0010512	255.21
HP_0011995	411.41
HP_0002861	172.1
HP_0012056	172.1
HP_0031287	702.2
HP_0200034	689
HP_0008760	312
HP_0006721	204.11
HP_0003763	303.3
HP_0040314	751.11
HP_0010819	345.3
HP_0007359	345.12
HP_0006938	687.4
HP_0004000	755.3
HP_0012304	747.13
HP_0011090	520.1
HP_0100348	739
HP_0100349	739
HP_0005709	755.3
HP_0000798	609.11
HP_0012736	315
HP_0011182	346.2
HP_0006794	741.3
HP_0007207	345.11
HP_0001863	755.3
HP_0002828	739
HP_0005922	755.3
HP_0040042	705
HP_0012178	288
HP_0001854	274.11
HP_0002595	560
HP_0007057	350.3
HP_0012743	278.1
HP_0001905	656.5
HP_0005479	279.11
HP_0007274	320
HP_0005376	480.1
HP_0005101	389
HP_0100750	508
HP_0008323	346
HP_0030260	751.12
HP_0006951	348.4
HP_0000728	313
HP_0007680	362.7
HP_0001361	378.2
HP_0001583	378.2
HP_0008124	755.1
HP_0007020	334.1
HP_0004421	402
HP_0030186	333.1
HP_0031629	350.2
HP_0002457	350.1
HP_0032283	031
HP_0031165	345.1
HP_0003715	359.2
HP_0007227	752.2
HP_0000024	601.1
HP_0003095	711.1
HP_0003729	709.5
HP_0000999	686.5
HP_0001412	070.9
HP_0025179	514
HP_0032342	514.1
HP_0004305	350.1
HP_0001877	289.9
HP_0020072	079.9
HP_0005523	200
HP_0032247	079.9
HP_0032204	079.2
HP_0032170	079.1
HP_0007103	346.1
HP_0006695	747.11
HP_0031931	378
HP_0004814	283
HP_0007572	694.2
HP_0031418	278
HP_0005164	747.11
HP_0004696	755.1
HP_0100797	703
HP_0012813	612
HP_0100559	736.6
HP_0012408	275.5
HP_0010646	742.9
HP_0004937	415
HP_0410005	749.1
HP_0008499	367.8
HP_0005310	446
HP_0011944	446
HP_0012579	580.1
HP_0010882	747.12
HP_0008757	473.3
HP_0100022	350.1
HP_0011787	244.2
HP_0011682	747.11
HP_0011903	282.8
HP_0006988	752.2
HP_0100842	752.2
HP_0012309	270.33
HP_0012702	561
HP_0008311	341
HP_0008478	732.1
HP_0008445	720
HP_0008687	751.12
HP_0004913	276.41
HP_0001913	288.11
HP_0003756	359.2
HP_0010695	753.1
HP_0008031	366
HP_0006332	520.2
HP_0002427	315.2
HP_0008131	756.5
HP_0100556	755
HP_0200065	753.2
HP_0008454	737.1
HP_0001812	703
HP_0010309	756.2
HP_0007939	368.5
HP_0001809	703
HP_0001782	755.3
HP_0008087	755.1
HP_0006000	586.4
HP_0008596	389.1
HP_0004844	283
HP_0005212	565
HP_0007427	694.2
HP_0008661	597.1
HP_0007592	705
HP_0012384	472
HP_0007989	362
HP_0011532	362
HP_0011530	361
HP_0007710	379.2
HP_0003318	728.2
HP_0005490	749.2
HP_0001817	755.3
HP_0007546	694.2
HP_0006665	756.2
HP_0012890	750.2
HP_0005912	750.22
HP_0009600	739
HP_0007185	291.8
HP_0002743	008.6
HP_0005254	756.2
HP_0030991	575.1
HP_0030812	474.2
HP_0200123	070.4
HP_0004787	070.9
HP_0002480	571.8
HP_0031693	079.2
HP_0100827	288
HP_0002633	446
HP_0030080	202.2
HP_0100776	472
HP_0100699	701.2
HP_0007850	362.4
HP_0004529	704.1
HP_0003164	253.4
HP_0030054	701.2
HP_0007109	348.4
HP_0007948	366
HP_0007836	364.5
HP_0005446	526.3
HP_0005054	726.4
HP_0009640	755.3
HP_0004373	333
HP_0020006	753
HP_0001018	691
HP_0005152	425
HP_0012861	751.1
HP_0011807	772.1
HP_0001692	427
HP_0004887	509.2
HP_0032037	367
HP_0005090	736.4
HP_0008089	755.1
HP_0002396	772.2
HP_0004886	748
HP_0002599	350.1
HP_0006799	348.4
HP_0004925	276.41
HP_0004900	276.41
HP_0012873	751.1
HP_0007984	346
HP_0007667	362.6
HP_0010521	350.2
HP_0004879	513.4
HP_0005184	426.8
HP_0004326	260.1
HP_0009101	749.1
HP_0008416	754
HP_0005580	751.2
HP_0010667	749
HP_0011051	520.2
HP_0011054	520.2
HP_0200153	520.2
HP_0000068	751.2
HP_0031853	747.1
HP_0006692	747.12
HP_0005745	739
HP_0000140	626.1
HP_0031369	569
HP_0011581	747.11
HP_0001660	747.11
HP_0011573	747.12
HP_0009112	756.1
HP_0011507	364.5
HP_0002200	334.2
HP_0007204	346.1
HP_0004931	433.12
HP_0012033	214
HP_0008964	772.1
HP_0005086	740.1
HP_0000317	352.2
HP_0011622	747.11
HP_0010445	747.11
HP_0031665	396
HP_0032409	752.2
HP_0004626	737.3
HP_0030491	363.4
HP_0009055	772.1
HP_0002384	345.12
HP_0002349	345.12
HP_0007623	694.2
HP_0007831	378
HP_0005943	509.5
HP_0011325	756.5
HP_0011327	749
HP_0011326	749
HP_0003484	772.3
HP_0009129	772.1
HP_0040219	288
HP_0011980	574.2
HP_0004309	426.4
HP_0005033	755.4
HP_0012051	251.1
HP_0008020	362.7
HP_0004758	427.12
HP_0006698	416
HP_0012387	497
HP_0010852	346.2
HP_0001326	346.2
HP_0004484	749.2
HP_0200147	333.8
HP_0002439	290.1
HP_0002530	333
HP_0002528	331
HP_0002544	723.1
HP_0012537	930
HP_0003409	687.4
HP_0008587	389.1
HP_0006673	428.3
HP_0005311	747.13
HP_0005156	747.12
HP_0005944	748
HP_0002627	747.1
HP_0025425	473.3
HP_0004751	427.12
HP_0010872	426.7
HP_0006852	350.3
HP_0005102	386.3
HP_0040079	520.1
HP_0032388	752.2
HP_0007987	368.4
HP_0003694	772.3
HP_0040334	472
HP_0008866	264.2
HP_0005290	747
HP_0010698	366
HP_0007976	753.1
HP_0007610	694
HP_0006844	350.5
HP_0007695	379.4
HP_0007107	357
HP_0007843	362
HP_0007917	361
HP_0001904	288.11
HP_0002730	289.4
HP_0004916	588
HP_0007465	691
HP_0008948	772.1
HP_0008997	772.3
HP_0007436	691
HP_0004524	704.1
HP_0002372	346.2
HP_0012759	315
HP_0025584	378.1
HP_0008513	389.2
HP_0007301	292.12
HP_0002546	292.1
HP_0007755	364.5
HP_0004743	580.32
HP_0005976	276.41
HP_0010296	750.13
HP_0006595	741.2
HP_0008046	362.4
HP_0010818	345.11
HP_0025267	512.9
HP_0009088	315.2
HP_0007627	526.3
HP_0007628	526.3
HP_0004737	580.1
HP_0004909	276.42
HP_0005145	411.4
HP_0100546	433.1
HP_0009845	755.3
HP_0006048	755.3
HP_0012048	333.4
HP_0012049	333.4
HP_0031008	333
HP_0007889	366
HP_0002792	514.1
HP_0007380	448
HP_0033190	694.2
HP_0005200	586.4
HP_0011670	747.13
HP_0006193	755.3
HP_0007516	755.3
HP_0004633	737.1
HP_0030499	362.27
HP_0025574	362.8
HP_0012188	643.1
HP_0012108	365.11
HP_0007854	368.4
HP_0012229	346.3
HP_0010301	752.11
HP_0012297	755.3
HP_0012296	755.3
HP_0005008	830
HP_0001933	287
HP_0004485	752.2
HP_0008193	257
HP_0200023	604
HP_0005404	288
HP_0007341	348.2
HP_0006943	323.8
HP_0030050	347
HP_0012664	428
HP_0008214	256
HP_0008625	389.1
HP_0007834	366
HP_0001995	588
HP_0004910	588
HP_0000070	751.3
HP_0002346	350.1
HP_0007067	356
HP_0032051	752.2
HP_0032052	752.2
HP_0032047	752.2
HP_0009800	649.1
HP_0031972	788
HP_0006813	345.1
HP_0040310	714
HP_0033188	706.1
HP_0025616	681
HP_0011315	749.2
HP_0004327	379.2
HP_0030041	722.3
HP_0012313	740.2
HP_0006276	577
HP_0000587	377
HP_0200117	465
HP_0008003	378.2
HP_0003450	356
HP_0011537	747.1
HP_0010923	366
HP_0005037	756.5
HP_0031531	362
HP_0007830	368
HP_0031319	416
HP_0004938	447.1
HP_0004968	430.2
HP_0006727	204.11
HP_0100247	513.8
HP_0006879	334.1
HP_0006937	351
HP_0004878	772.3
HP_0003760	359.1
HP_0007007	348.9
HP_0012343	275.1
HP_0008823	755.6
HP_0031959	333
HP_0031655	747.12
HP_0012142	157
HP_0012182	149.1
HP_0100242	170.2
HP_0000855	251.1
HP_0007429	694.2
HP_0008162	270.21
HP_0011973	347
HP_0007704	378
HP_0100954	752.2
HP_0030143	561
HP_0004924	250.4
HP_0006821	752.2
HP_0410018	381.1
HP_0003365	745
HP_0007668	378.2
HP_0032794	345
HP_0020216	345.3
HP_0007132	333.8
HP_0007650	378
HP_0032105	378
HP_0007338	378.2
HP_0000634	378
HP_0000542	378
HP_0200133	752.11
HP_0004823	289.9
HP_0007944	378.2
HP_0003652	598
HP_0010526	350.3
HP_0007792	378.2
HP_0007344	334
HP_0012179	333.4
HP_0007064	292.1
HP_0008762	300.3
HP_0001727	433.21
HP_0007193	345.3
HP_0010849	346.2
HP_0007548	691
HP_0410255	288.11
HP_0020096	041.2
HP_0002392	346.2
HP_0030033	755.3
HP_0010017	755.3
HP_0005336	694.2
HP_0007648	366
HP_0100869	448
HP_0006233	740.1
HP_0006226	740.1
HP_0000046	751.1
HP_0010999	377.3
HP_0001370	714.1
HP_0007526	694
HP_0005681	714.2
HP_0006615	756.2
HP_0007793	362.7
HP_0003797	772.1
HP_0007332	345.1
HP_0007677	362.7
HP_0009701	756.5
HP_0008205	250.1
HP_0012618	751.2
HP_0002722	681
HP_0100026	747
HP_0004947	415
HP_0033122	426.7
HP_0200138	749
HP_0004502	749
HP_0009064	277.51
HP_0005968	783
HP_0200073	509
HP_0007875	367.9
HP_0004855	286.81
HP_0002793	513
HP_0008708	751.12
HP_0008733	751.12
HP_0025428	498
HP_0007220	357
HP_0011936	277.8
HP_0007023	430.2
HP_0008315	277.8
HP_0007229	348.9
HP_0410170	348
HP_0005422	279.1
HP_0006962	350.2
HP_0030529	368.4
HP_0001074	217.1
HP_0001062	217.1
HP_0025492	753
HP_0011502	753.1
HP_0010841	346.2
HP_0012391	350.5
HP_0012642	752.2
HP_0006203	741.2
HP_0011285	750.21
HP_0006978	331
HP_0008249	242.1
HP_0040140	333.8
HP_0007039	333.8
HP_0410151	530.15
HP_0004959	442.1
HP_0005182	747.12
HP_0025551	377
HP_0001137	378.1
HP_0007428	448
HP_0010064	755.3
HP_0010242	755.3
HP_0007166	333
HP_0009073	772.1
HP_0005381	041
HP_0007569	690.1
HP_0007054	350.5
HP_0008945	741.3
HP_0012232	426.8
HP_0006870	752.2
HP_0005389	279.8
HP_0012209	204.21
HP_0009700	755.3
HP_0100264	755.3
HP_0006927	752.2
HP_0006930	752.2
HP_0008005	364.5
HP_0012198	208
HP_0012183	208
HP_0005430	090.2
HP_0010239	755.3
HP_0007063	752.2
HP_0012817	425
HP_0004856	280.1
HP_0030423	289.5
HP_0007780	366
HP_0001710	747.1
HP_0007707	379.3
HP_0007779	753
HP_0030242	452
HP_0004936	452
HP_0007210	772.1
HP_0006268	579.2
HP_0004819	285
HP_0012282	687.1
HP_0006564	573.3
HP_0005656	755.1
HP_0030431	213
HP_0001580	255
HP_0002920	253.4
HP_0001579	255.11
HP_0030147	350.1
HP_0012762	331
HP_0011813	331
HP_0008255	656.3
HP_0012271	519.8
HP_0011838	701.3
HP_0025080	701
HP_0004960	747.1
HP_0006640	807
HP_0005957	513
HP_0011476	389.1
HP_0002744	749.1
HP_0006485	520.2
HP_0005084	830
HP_0006946	320
HP_0005366	480.11
HP_0011343	315
HP_0011918	755.3
HP_0010665	736.3
HP_0008115	755.3
HP_0012712	389
HP_0004754	427.21
HP_0011274	031
HP_0011169	345.11
HP_0033050	478
HP_0005115	427
HP_0012727	442.1
HP_0012553	703
HP_0012555	755.3
HP_0012266	426.7
HP_0012272	426.7
HP_0006802	334.2
HP_0011136	705
HP_0010851	346.2
HP_0006706	750.22
HP_0008038	375
HP_0011819	749.1
HP_0004818	285.8
HP_0031846	800
HP_0004420	444
HP_0004850	452.2
HP_0005521	286.6
HP_0004761	411.4
HP_0012133	289
HP_0010774	747.1
HP_0033279	569
HP_0012114	182
HP_0200063	208
HP_0012208	609
HP_0007153	333
HP_0011848	785
HP_0012606	586
HP_0012251	426.7
HP_0200039	686
HP_0007042	346.1
HP_0006892	290.12
HP_0006064	741.2
HP_0012302	323
HP_0012177	288
HP_0008573	389.1
HP_0004831	452
HP_0025169	428
HP_0002836	751.2
HP_0012410	284
HP_0011085	521.2
HP_0007420	729
HP_0012250	426.7
HP_0009718	191.11
HP_0010615	210
HP_0009050	772.1
HP_0009831	351
HP_0025502	278
HP_0000872	244
HP_0005659	737.3
HP_0025023	750.21
HP_0001167	755.3
HP_0002589	750.21
HP_0011981	574.2
HP_0032967	496.1
HP_0030828	512.1
HP_0006510	496
HP_0010458	751.11
HP_0010310	507
HP_0012534	687.4
HP_0004905	261
HP_0030127	615
HP_0030281	754
HP_0012059	172.1
HP_0001633	747.12
HP_0005750	739
HP_0012322	704.8
HP_0011132	686.1
HP_0100838	681
HP_0012020	747.1
HP_0011669	747.13
HP_0012852	571
HP_0033196	070.9
HP_0005339	279
HP_0100279	555.2
HP_0004431	277.6
HP_0005116	447.1
HP_0005112	442.11
HP_0030891	346.1
HP_0100770	564
HP_0007866	362.8
HP_0025097	333.2
HP_0005977	276.42
HP_0033165	656.6
HP_0011370	117
HP_0031292	681
HP_0030974	609
HP_0011127	695.3
HP_0011703	427.8
HP_0006671	427.1
HP_0007149	772.1
HP_0012171	350.1
HP_0007964	362.3
HP_0032003	598
HP_0012176	288
HP_0011275	031
HP_0012312	288.1
HP_0012324	204.2
HP_0100798	703
HP_0025252	529.1
HP_0025355	362.4
HP_0012594	269
HP_0010553	378
HP_0200071	362.3
HP_0025312	378.1
HP_0007716	190
HP_0008366	739
HP_0100615	184.11
HP_0005353	054
HP_0012595	269
HP_0012687	759.1
HP_0020036	350.3
HP_0010883	747.12
HP_0410135	947
HP_0031649	442.1
HP_0001757	389.1
HP_0200105	755.3
HP_0200104	755.3
HP_0032391	752.2
HP_0200067	634
HP_0410252	288.11
HP_0025526	696
HP_0040187	657
HP_0025390	514
HP_0005972	276.41
HP_0030205	346
HP_0200068	367.9
HP_0005692	742.9
HP_0200049	772.2
HP_0002298	704.1
HP_0008245	244.2
HP_0004764	395.1
HP_0100504	261.2
HP_0012844	216
HP_0000168	523
HP_0040137	706.1
HP_0010450	530.3
HP_0200124	070.4
HP_0032347	270.33
HP_0006094	728.2
HP_0030897	564
HP_0030914	564
HP_0012577	580.32
HP_0010536	327.31
HP_0025643	349
HP_0045059	695
HP_0025010	362.2
HP_0006702	411.41
HP_0030882	411.41
HP_0031273	797
HP_0031677	427.12
HP_0011081	520.1
HP_0100023	350.1
HP_0031109	676
HP_0025475	695
HP_0012578	580.12
HP_0031041	747.13
HP_0031108	772.3
HP_0011734	255.2
HP_0012452	327.71
HP_0031123	008
HP_0033260	782.6
HP_0033261	442.8
HP_0030351	947
HP_0030022	749
HP_0008401	681.1
HP_0040009	701.1
HP_0040148	333.2
HP_0025190	345.3
HP_0032792	345.11
HP_0012588	580
HP_0032118	371.1
HP_0011937	703
HP_0008373	259
HP_0040197	348.9
HP_0032248	079.9
HP_0031691	079
HP_0033280	289.4
HP_0010980	272.1
HP_0100260	755.3
HP_0005550	204.12
HP_0030718	416
HP_0025107	448
HP_0025420	516.1
HP_0032323	783
HP_0012734	251.1
HP_0004763	427.11
HP_0030368	755.3
HP_0030515	367
HP_0045028	752.2
HP_0020045	378
HP_0012724	374
HP_0030318	528.5
HP_0009999	755.3
HP_0011951	501
HP_0031358	348.7
HP_0025175	510
HP_0008653	580.1
HP_0009725	189.2
HP_0025403	781.2
HP_0030746	430.2
HP_0025258	723.1
HP_0012650	752.2
HP_0020122	289.9
HP_0010544	378.2
HP_0012430	752.2
HP_0031947	333.1
HP_0032024	556.1
HP_0012122	371.1
HP_0030853	747.1
HP_0004762	747.1
HP_0011671	747.13
HP_0001702	747.12
HP_0031166	352.2
HP_0012389	772.3
HP_0007069	323
HP_0010844	346.2
HP_0012412	255.1
HP_0010954	747.12
HP_0100333	749.1
HP_0003978	803.2
HP_0007350	350.5
HP_0011193	346.2
HP_0100248	350.1
HP_0100786	327.1
HP_0410263	346.2
HP_0031790	367.2
HP_0025573	367.1
HP_0004059	755.3
HP_0100867	537
HP_0030915	348.2
HP_0012869	609
HP_0011579	747.11
HP_0011946	496.2
HP_0040288	1002
HP_0011856	305.2
HP_0045014	277.51
HP_0010862	315
HP_0007387	705
HP_0007270	345.3
HP_0033001	212
HP_0009126	278.3
HP_0030786	368
HP_0031664	396
HP_0012683	227
HP_0005781	739
HP_0032560	609
HP_0032558	609
HP_0032559	609
HP_0430028	526.3
HP_0010477	751.2
HP_0100682	748
HP_0012905	753
HP_0025406	772.3
HP_0011150	345.1
HP_0032561	609
HP_0032562	609
HP_0025232	726.3
HP_0011170	345.1
HP_0100336	749.1
HP_0012076	301.2
HP_0011469	656.3
HP_0005263	535
HP_0005202	041.8
HP_0010863	315.2
HP_0100832	379.2
HP_0100720	749
HP_0025268	313.2
HP_0025085	578.2
HP_0033351	112
HP_0033256	555.2
HP_0020114	078
HP_0550004	078
HP_0030732	747.12
HP_0011626	747.13
HP_0010479	751.2
HP_0012190	202.2
HP_0008244	759.1
HP_0004791	530.12
HP_0011084	521.2
HP_0032192	634.1
HP_0012865	609
HP_0032325	433
HP_0030039	754
HP_0005696	755.3
HP_0025336	315
HP_0012799	352.2
HP_0032786	345.12
HP_0011369	694.2
HP_0011623	747.11
HP_0011320	749.2
HP_0012815	751.11
HP_0009062	350.3
HP_0012585	580.4
HP_0025404	378.2
HP_0011149	345.3
HP_0010850	346.2
HP_0100515	599.5
HP_0031348	747.11
HP_0011913	704.2
HP_0001118	366.1
HP_0001555	756.2
HP_0007715	376
HP_0100380	755.3
HP_0010432	755.3
HP_0012434	264.9
HP_0032390	752.2
HP_0031245	512.8
HP_0010953	331.1
HP_0012443	346.1
HP_0032660	345.1
HP_0040196	752.2
HP_0012104	331
HP_0033044	264.9
HP_0011726	747
HP_0011590	747.1
HP_0005134	747.11
HP_0011706	426.2
HP_0011648	747.13
HP_0033087	783
HP_0030716	752.1
HP_0010941	749
HP_0011102	750.21
HP_0012623	585.4
HP_0040024	755.3
HP_0010958	751.22
HP_0011638	747.1
HP_0011110	474
HP_0012477	473.4
HP_0040022	755.3
HP_0007687	374.3
HP_0032411	752.2
HP_0031589	297.1
HP_0012109	365.2
HP_0031717	378.1
HP_0011153	345.12
HP_0040318	598
HP_0008959	359.1
HP_0009274	739
HP_0100719	753
HP_0020221	345.11
HP_0025335	264.3
HP_0010532	386.2
HP_0012390	565
HP_0032252	701.5
HP_0100814	217.1
HP_0033149	575.8
HP_0005787	754
HP_0025188	362.4
HP_0020083	686.1
HP_0003460	279.1
HP_0033004	078
HP_0033005	078
HP_0032132	279.11
HP_0031813	288.3
HP_0010848	346.2
HP_0031535	346.2
HP_0025481	754
HP_0025610	371.3
HP_0033194	695.3
HP_0031291	701.1
HP_0010516	254
HP_0030973	798
HP_0025075	426.7
HP_0030087	257
HP_0032005	333
HP_0025162	313
HP_0025405	378.2
HP_0004488	749.2
HP_0032471	752.2
HP_0100625	756.2
HP_0010830	687.4
HP_0100743	153.3
HP_0031038	609
